"spp1","spp2","spp3","spp4","spp5","spp6","spp7","spp8","spp9","spp10","spp11","spp12","spp13","spp14","spp15","spp16","spp17","spp18","spp19","spp20","spp21","spp22","spp23","spp24","spp25","spp26","spp27","spp28","spp29","spp30","spp31","spp32","spp33","spp34","spp35"
3,0,12,20,23,25,15,28,26,28,67,25,43,5,58,44,14,83,67,48,39,40,146,113,33,10,60,98,59,67,20,113,91,31,51
147,1,0,1,0,38,1,1,0,1,28,18,74,34,88,15,8,39,0,94,5,3,58,2,173,152,2,13,45,5,7,11,1,2,104
117,0,2,1,0,23,0,2,2,0,30,15,39,51,90,16,1,41,3,100,1,0,175,4,38,168,5,67,21,7,29,3,6,1,86
29,0,0,3,0,12,1,0,0,2,31,4,102,34,112,11,8,23,2,127,8,1,91,9,134,58,2,148,54,44,20,2,2,2,81
54,0,0,1,1,36,0,0,1,0,15,25,66,13,102,16,13,56,2,97,1,5,9,16,65,178,1,22,61,5,17,0,11,5,99
59,0,0,0,0,66,1,0,0,0,21,2,120,44,19,15,0,15,1,23,0,3,102,18,33,63,1,30,90,30,8,2,12,2,13
136,0,0,0,1,103,0,0,1,0,27,19,54,19,79,13,3,22,1,22,10,3,116,8,114,150,0,128,46,6,19,2,1,1,36
24,0,1,0,0,22,1,1,0,0,7,10,120,43,107,11,1,28,2,32,4,0,67,2,96,73,0,43,80,20,32,1,2,0,62
74,0,0,0,0,118,1,0,1,0,28,7,66,45,10,10,2,11,2,155,5,1,80,7,46,10,3,77,79,47,6,2,1,0,46
82,0,0,0,0,108,0,1,0,1,24,13,51,6,70,15,0,53,0,116,5,4,88,14,172,18,0,157,18,17,4,5,4,0,150
31,0,0,0,0,88,0,0,1,0,31,11,22,15,14,21,12,25,1,121,3,0,125,11,77,70,0,102,2,29,5,5,4,2,11
61,0,0,0,0,88,0,0,0,0,27,3,86,17,38,7,7,3,0,44,4,0,51,8,193,17,0,52,34,6,22,1,3,0,116
131,0,0,0,0,17,0,1,0,0,11,9,110,31,82,7,10,19,0,38,3,1,79,11,102,70,2,93,86,25,7,2,5,1,131
141,0,0,0,1,119,0,0,0,0,4,12,73,39,59,11,2,55,2,100,1,2,69,7,117,191,0,28,32,9,3,1,0,0,104
85,0,0,0,0,22,2,0,1,0,33,6,32,48,70,11,12,47,1,82,6,0,17,3,152,43,1,93,24,37,5,1,4,0,119
88,0,0,0,2,90,0,1,0,0,20,13,86,26,45,28,6,36,1,42,1,2,9,11,20,63,2,125,76,24,15,2,4,0,93
122,0,0,0,0,137,0,0,0,0,26,9,52,34,89,9,4,3,1,119,5,3,147,8,43,47,1,100,56,20,8,0,6,1,16
128,0,0,0,1,166,0,0,0,0,16,11,80,42,93,11,4,18,0,72,2,3,44,3,96,39,0,63,31,28,18,1,0,1,95
35,0,0,0,1,87,0,0,0,1,30,10,31,40,24,7,5,29,0,130,2,1,57,2,35,152,0,37,60,42,23,0,1,0,14
106,0,0,0,0,55,0,0,0,0,21,14,43,1,5,3,4,7,0,12,0,1,125,9,116,172,0,72,38,10,19,4,3,0,40
63,0,0,0,0,113,0,1,1,0,8,8,134,15,97,0,3,35,0,39,4,1,173,11,144,90,2,85,12,50,24,0,9,2,10
39,0,1,0,0,18,0,0,0,0,32,4,22,57,57,26,20,19,2,24,3,0,121,8,142,175,0,150,48,27,17,4,3,0,54
82,0,0,0,0,103,0,0,0,1,32,8,100,37,8,11,5,34,0,128,5,2,87,6,161,95,0,31,81,7,27,3,2,0,78
133,0,0,0,0,141,0,1,0,0,12,2,121,34,65,11,4,58,0,93,6,2,14,8,27,164,0,57,30,38,28,2,4,0,148
58,0,0,0,0,145,0,0,1,0,42,1,58,24,46,13,15,33,0,55,4,0,130,5,71,101,0,28,32,8,16,2,2,1,119
71,0,0,0,0,61,0,1,2,0,28,13,135,39,86,2,1,39,1,27,0,2,42,6,198,79,0,48,94,23,1,3,5,1,114
64,0,0,0,0,136,0,0,0,0,3,4,52,5,6,6,4,23,0,29,6,2,80,6,75,144,1,150,19,38,24,4,2,0,52
13,0,1,0,0,109,0,0,1,0,14,4,138,46,58,17,2,43,0,88,5,1,119,5,14,124,0,160,60,18,22,1,6,0,32
106,0,1,0,0,109,0,0,0,1,9,12,93,30,60,6,14,29,0,140,2,2,131,9,73,40,0,74,15,21,17,3,7,1,67
43,0,0,0,0,117,0,1,0,0,3,2,19,45,75,2,2,31,1,137,1,3,125,0,154,67,0,30,64,40,17,4,4,0,121
33,0,0,0,0,78,0,0,0,1,13,9,115,44,31,14,4,40,0,51,3,6,121,8,172,16,1,105,68,29,21,6,3,0,127
58,0,0,0,0,136,0,0,0,0,8,12,40,56,15,9,4,6,1,51,5,2,157,3,57,172,0,12,32,9,6,1,1,0,27
84,0,0,0,0,89,0,1,0,0,8,6,104,30,53,7,9,24,0,145,9,1,183,5,149,67,0,14,54,29,5,2,0,1,75
141,0,1,0,0,120,0,1,0,0,22,7,56,23,100,1,13,43,0,83,6,1,26,11,110,63,0,83,14,21,35,4,3,0,72
40,0,1,1,0,103,0,0,0,0,2,3,123,3,92,14,2,44,2,86,2,0,142,3,58,73,0,92,31,35,20,2,5,0,30
107,0,1,0,0,95,0,1,0,0,13,10,109,29,36,1,3,14,0,124,0,3,14,3,102,194,0,73,64,29,20,3,1,0,31
102,0,0,0,0,112,0,1,0,0,6,10,58,39,70,7,10,37,2,51,7,6,156,5,152,108,0,139,22,49,8,3,1,0,77
91,0,0,0,0,80,0,0,0,1,13,7,76,21,83,9,6,19,0,60,5,1,46,2,26,192,0,24,16,15,15,4,4,0,113
35,1,0,0,0,143,0,0,0,0,35,2,43,21,16,1,6,35,0,24,4,2,68,11,130,51,1,140,38,9,11,1,5,2,119
9,0,1,0,0,81,0,0,0,0,21,6,71,6,101,23,5,25,2,27,7,6,93,7,47,82,0,114,52,7,1,0,1,0,11
140,0,0,0,0,85,0,1,0,0,25,14,58,10,67,17,14,40,0,76,4,1,142,9,132,138,1,23,67,12,7,0,3,2,64
86,0,0,0,0,19,0,0,0,0,19,11,28,51,92,2,3,30,0,51,2,5,78,0,69,37,0,130,24,32,7,3,1,0,80
88,0,0,0,1,148,0,2,1,1,17,7,86,26,94,0,8,4,0,44,8,1,96,4,51,179,0,157,73,33,25,2,6,2,48
114,0,0,0,0,65,0,0,0,0,9,18,42,10,53,6,2,15,0,95,3,6,44,4,13,90,1,123,63,33,22,0,5,1,37
93,0,1,0,0,128,0,0,0,0,12,9,91,49,80,4,9,28,0,47,0,1,10,12,18,107,1,108,75,24,15,2,2,0,72
84,1,0,0,0,29,0,0,0,0,8,8,122,14,74,4,2,39,1,58,4,0,174,5,133,48,5,67,21,19,12,2,2,1,103
108,0,0,0,1,148,0,0,0,0,4,2,69,32,92,2,7,26,1,128,3,2,122,9,192,183,0,49,65,42,9,0,1,0,19
136,0,0,0,0,65,0,0,0,0,32,9,36,24,26,10,3,16,0,140,5,0,153,4,149,47,0,69,59,28,12,1,1,0,47
115,0,0,1,0,139,0,0,0,0,27,2,99,26,85,8,18,5,0,128,6,0,47,14,100,131,0,126,40,23,20,1,4,0,131
19,0,0,0,0,83,0,1,0,0,27,5,117,37,52,4,1,29,0,131,0,1,109,1,140,140,1,160,46,45,27,3,2,1,135
106,0,0,1,0,57,0,0,0,1,28,2,26,44,51,12,14,47,0,113,2,2,133,7,149,16,0,91,18,48,13,2,3,0,48
78,0,0,0,0,139,0,0,0,0,18,16,6,15,15,18,17,61,0,96,0,1,67,2,178,199,0,113,13,24,12,3,9,0,125
30,0,0,0,0,115,0,0,0,0,27,4,127,30,34,9,6,29,0,137,6,3,176,10,21,148,0,105,24,9,4,3,2,0,83
29,0,0,0,1,161,0,0,1,0,15,7,36,29,17,6,3,32,1,113,3,1,162,10,157,193,0,122,80,19,13,1,2,0,71
41,0,0,0,0,73,0,0,0,0,26,9,69,30,73,6,7,48,1,30,2,2,100,3,152,114,0,85,46,18,5,4,4,0,88
138,0,0,0,0,47,0,0,0,0,15,0,34,10,52,11,9,51,0,77,5,4,171,9,158,51,0,9,50,50,6,1,5,0,79
11,0,0,1,0,18,2,0,0,0,30,8,20,25,18,14,3,24,0,37,10,1,22,7,58,33,0,71,45,15,2,1,5,0,85
24,0,0,0,0,45,0,0,0,0,13,8,32,17,13,13,10,19,1,120,1,1,117,6,28,70,0,9,69,28,20,1,0,0,92
90,0,0,1,0,128,0,0,0,0,6,18,45,35,109,20,12,44,0,44,3,0,149,18,92,197,0,60,60,25,17,4,1,1,19
12,0,0,0,0,123,0,0,0,0,2,9,120,24,49,11,12,10,0,106,5,0,165,2,87,117,1,41,26,32,6,0,5,1,17
144,0,0,1,0,65,0,0,0,0,6,5,32,23,15,21,11,33,0,24,1,1,139,8,135,16,0,16,64,34,4,2,4,0,37
151,0,0,0,0,143,0,0,0,0,10,2,95,36,95,15,4,4,0,32,1,4,121,5,54,87,0,24,76,5,14,1,2,1,12
28,0,0,0,0,83,1,0,0,0,28,11,72,42,54,3,15,40,0,11,1,1,151,11,76,123,3,114,67,38,15,2,2,0,41
136,0,0,0,0,138,1,0,0,0,24,0,106,6,93,12,2,13,1,29,2,3,77,12,56,169,1,67,42,33,4,2,5,0,103
110,0,0,0,0,65,0,0,0,1,3,18,99,22,52,11,6,6,0,112,6,0,96,8,41,193,0,169,51,18,13,3,1,1,40
38,0,0,0,0,95,0,0,0,0,8,1,85,20,70,20,6,59,0,124,3,4,134,1,182,182,0,93,8,56,21,1,3,0,57
116,0,0,0,0,138,0,0,0,0,2,9,37,37,9,10,6,5,1,51,7,0,137,7,146,54,0,104,70,5,29,0,10,2,98
57,0,0,0,0,136,0,0,0,0,19,5,109,24,70,15,7,36,1,27,4,2,101,8,159,145,0,18,58,21,12,1,1,0,68
87,1,0,0,1,151,0,0,0,0,35,17,124,33,65,1,13,35,1,140,3,6,71,9,110,99,1,151,42,39,13,2,1,1,62
58,0,0,0,0,157,0,0,0,0,9,3,71,46,71,4,12,31,0,100,4,0,19,8,17,74,2,110,37,47,2,1,2,0,49
24,0,0,0,0,11,0,0,0,0,1,4,87,3,91,17,10,17,0,146,1,2,170,1,97,35,0,8,72,39,23,0,1,0,20
60,0,0,0,0,86,0,0,0,0,11,17,126,18,115,9,14,16,2,27,1,1,11,7,164,180,0,46,61,41,2,1,4,0,90
56,0,0,0,0,122,2,0,0,0,18,2,96,20,65,10,1,40,0,19,1,1,163,6,133,141,1,48,40,38,9,1,1,0,15
12,0,0,0,0,79,0,0,0,0,21,7,105,25,75,13,7,49,0,13,1,0,160,13,77,78,0,145,65,38,11,1,2,1,43
144,0,0,0,0,32,0,0,0,0,13,1,25,18,54,17,2,18,0,113,0,3,31,4,12,173,0,29,53,19,22,0,3,2,142
81,0,0,0,0,45,0,0,0,1,14,7,99,39,38,8,4,33,0,45,1,0,162,10,81,79,0,66,76,40,9,2,5,1,32
126,0,0,0,0,78,0,0,0,0,33,5,83,19,45,3,9,38,0,80,2,2,110,8,30,61,0,166,19,41,2,3,0,0,80
124,0,0,0,0,67,1,0,0,0,7,14,28,46,36,9,4,5,3,32,2,1,76,2,56,140,1,99,6,15,16,3,3,1,7
114,0,0,0,1,65,0,1,0,0,10,12,47,38,78,12,0,5,0,42,1,2,34,9,177,187,1,94,88,17,13,0,0,0,124
61,0,0,0,0,55,0,0,0,0,5,9,122,30,90,19,9,33,2,68,8,1,125,14,22,57,0,69,67,26,5,0,0,0,52
149,0,0,1,0,38,0,0,0,0,4,4,94,4,22,4,4,34,1,15,6,0,14,10,16,180,0,49,20,4,0,3,0,0,52
30,0,0,0,0,86,1,0,0,0,14,7,34,31,13,2,6,9,2,66,5,6,144,11,161,94,0,129,70,12,23,1,1,2,133
64,0,0,0,0,34,0,0,0,0,19,20,95,7,37,17,12,29,2,49,3,0,69,7,193,106,0,128,9,31,18,3,5,0,115
79,0,0,0,0,150,0,0,0,0,8,14,60,26,46,8,7,10,0,45,2,4,51,2,78,53,0,88,60,12,30,0,0,1,18
89,0,0,0,0,55,1,0,0,0,20,15,126,38,57,15,4,5,1,11,5,1,67,9,29,83,0,88,25,23,20,0,1,1,98
90,0,0,0,0,94,0,0,0,0,10,11,21,15,11,9,0,32,1,32,2,4,152,4,80,192,0,31,80,2,13,8,1,0,67
123,0,0,0,0,53,0,0,0,0,26,5,88,44,83,2,3,46,1,69,1,4,175,10,30,199,1,13,83,46,19,0,0,0,77
35,0,0,0,1,148,0,0,0,1,21,9,55,24,61,11,8,29,0,114,0,0,90,5,128,61,0,53,9,36,20,0,3,3,71
73,0,1,0,0,25,0,0,0,0,15,7,117,22,18,2,6,17,1,102,5,4,138,5,196,81,0,109,63,34,10,0,2,2,95
55,0,0,1,1,123,0,0,0,0,11,14,73,44,7,4,1,34,0,62,6,1,106,14,132,34,0,140,16,7,19,1,1,2,25
135,0,1,0,0,66,1,0,0,0,21,8,102,44,79,17,7,2,0,113,7,5,26,4,185,157,0,23,98,4,25,3,2,0,113
25,0,0,0,0,61,0,0,0,0,33,7,131,7,17,6,9,15,0,98,3,3,140,9,179,103,0,96,7,23,32,1,2,0,89
112,0,0,0,0,23,0,0,1,0,26,6,28,23,29,5,13,25,1,137,2,1,173,3,158,41,1,117,20,34,28,1,1,0,42
157,0,0,0,0,114,0,0,0,0,8,2,122,38,39,6,3,9,0,59,0,3,47,11,52,21,0,20,92,21,5,3,4,1,48
68,0,0,0,0,53,0,0,1,0,16,17,64,21,32,1,1,13,1,57,5,1,100,6,113,188,0,124,36,12,18,1,9,0,31
31,0,0,0,0,77,2,0,0,0,16,16,97,21,63,3,6,4,0,149,5,2,165,3,179,27,0,47,82,54,9,5,3,1,13
69,1,0,0,0,143,1,0,0,0,5,18,135,54,99,21,10,22,0,115,0,4,45,16,29,142,2,18,5,17,3,2,1,0,28
103,1,0,0,0,72,0,0,0,0,17,16,41,13,39,7,7,21,3,108,1,3,100,9,171,57,0,35,78,42,31,0,0,1,103
9,0,0,0,0,153,0,0,0,0,16,17,21,10,54,9,0,32,4,69,3,0,10,9,63,97,0,42,44,31,5,1,0,0,100
67,0,0,0,0,103,0,0,0,0,17,8,74,50,29,11,4,29,0,68,5,0,66,5,36,99,0,55,36,23,5,0,3,1,103
54,0,1,0,0,98,1,0,0,0,21,6,41,27,79,8,14,35,0,75,1,1,131,6,108,181,0,41,49,5,21,6,3,0,11
137,0,0,0,0,120,0,0,0,0,9,25,52,11,39,14,5,10,0,143,1,1,105,2,170,56,2,145,40,38,9,2,3,0,21
90,0,0,0,0,43,0,0,0,0,9,10,122,14,89,13,6,19,0,134,2,2,148,9,186,55,0,26,31,21,36,3,1,0,112
74,0,0,0,0,104,0,0,0,0,3,16,85,6,9,17,12,23,1,42,0,3,57,2,33,159,0,11,61,41,10,3,1,1,61
142,0,0,0,0,20,0,0,0,0,10,8,67,11,58,16,15,48,1,118,3,1,120,14,26,116,0,9,91,11,11,2,0,0,126
38,0,0,0,0,102,0,0,0,0,21,9,35,8,15,27,15,39,0,24,3,5,161,8,111,65,0,111,8,19,22,1,10,0,131
44,0,0,0,0,33,0,0,0,0,22,18,97,7,98,21,18,30,1,47,4,1,73,13,28,161,1,95,57,15,39,2,3,0,52
19,0,0,0,0,78,0,0,0,0,18,19,109,31,48,5,4,10,0,40,1,0,75,7,81,98,0,66,101,17,2,3,5,1,129
19,0,0,0,0,34,1,0,0,1,6,6,117,25,20,3,8,49,0,139,0,3,145,1,169,99,0,85,84,42,15,0,4,0,127
29,0,0,0,0,21,0,0,0,0,19,21,91,34,68,18,3,4,0,31,5,3,177,2,61,83,0,141,54,31,3,0,2,0,125
78,0,0,0,1,83,0,0,0,0,19,2,107,10,104,3,10,51,0,104,3,3,13,8,153,30,0,130,36,31,12,1,6,0,138
136,1,0,0,1,136,0,0,0,0,28,15,14,31,27,10,1,23,0,71,3,0,181,2,75,171,2,94,50,8,15,1,3,0,66
81,0,0,0,0,16,0,1,1,0,4,8,44,17,51,1,1,9,1,131,3,2,16,2,18,115,0,97,69,44,18,3,0,0,54
50,0,0,0,0,41,0,0,0,0,25,7,127,35,63,11,10,36,0,102,0,3,159,4,126,150,0,39,25,28,15,6,2,0,159
17,0,0,0,0,90,0,0,0,0,23,2,74,22,40,14,12,28,0,11,2,3,187,5,38,172,0,114,52,8,13,3,1,0,123
35,0,0,0,0,147,1,0,0,0,14,8,39,39,7,15,4,37,0,105,2,3,18,4,173,81,0,135,84,28,24,6,6,0,15
12,0,0,0,0,6,0,0,0,0,2,20,115,34,69,14,16,15,0,25,4,0,165,5,197,177,0,32,71,34,6,2,2,0,102
144,1,0,0,0,140,0,0,0,1,30,8,72,24,32,12,7,23,0,41,1,2,96,6,105,134,0,15,69,32,18,1,1,0,17
39,0,0,0,0,47,0,0,0,0,7,22,116,39,100,12,4,28,0,115,0,0,108,4,166,107,0,90,10,22,6,4,9,2,47
89,0,0,0,0,75,0,0,0,0,28,15,85,24,55,9,4,14,2,28,7,2,17,6,125,28,0,105,16,26,26,3,3,0,103
149,0,0,0,0,107,0,0,0,0,16,9,25,50,53,16,13,37,0,122,0,0,44,15,20,171,0,139,64,20,12,4,6,1,66
161,0,0,0,0,97,0,0,0,0,4,14,109,24,70,7,4,30,0,140,0,3,160,6,100,12,0,77,70,27,3,2,7,1,125
21,0,0,0,0,125,0,1,0,1,9,13,78,42,36,18,1,13,0,125,4,2,155,8,52,76,0,65,52,45,30,0,0,1,41
141,0,0,0,0,118,0,0,0,0,28,2,96,34,56,9,1,35,0,128,1,2,173,2,78,196,0,24,82,19,8,1,0,1,90
104,0,0,0,1,25,0,0,0,0,26,4,121,55,78,11,14,13,1,17,0,4,116,4,139,61,1,16,34,5,21,0,0,0,116
11,0,0,0,0,137,0,1,0,0,3,6,97,4,81,17,2,32,0,107,0,4,91,3,103,152,0,53,24,19,12,2,1,0,78
93,0,0,0,1,99,0,0,0,0,24,5,13,38,97,1,6,35,1,83,1,0,114,1,149,21,0,22,54,38,25,1,5,0,31
12,0,0,0,0,119,0,0,0,1,13,16,83,33,51,17,0,32,1,70,10,4,91,12,31,82,2,15,52,17,21,3,4,2,80
119,0,0,1,0,70,0,0,0,0,24,8,69,45,31,3,8,34,0,79,0,0,40,2,118,18,1,125,35,49,16,3,4,2,76
128,0,0,0,1,80,0,0,1,0,26,15,32,4,101,11,13,12,0,48,6,3,75,13,83,96,0,75,49,25,11,2,1,0,27
121,0,0,0,0,59,0,0,0,0,9,11,48,28,23,5,6,6,0,59,4,2,50,6,195,136,0,29,77,15,4,4,6,0,46
33,0,0,0,1,72,0,0,0,0,11,1,29,34,38,2,11,23,0,114,7,0,16,1,104,138,0,145,6,15,22,1,2,0,136
154,0,0,0,0,155,0,0,0,0,19,14,96,19,25,4,10,26,0,45,1,2,86,15,45,95,0,75,31,17,10,1,5,0,31
19,0,0,0,0,111,0,0,0,0,4,5,35,32,73,1,13,25,0,113,4,1,48,0,164,163,0,149,78,42,21,1,4,0,75
103,0,0,1,0,81,0,0,1,0,27,3,35,15,35,10,20,5,1,105,2,0,170,3,108,56,0,54,59,42,1,0,0,0,67
13,1,0,0,0,65,0,0,0,0,21,4,87,38,80,8,10,23,0,72,3,1,76,3,19,87,0,65,38,34,20,3,1,0,32
48,0,0,0,0,116,0,0,0,0,23,7,102,16,99,6,18,47,0,118,4,3,95,0,156,10,0,45,61,41,26,4,2,0,109
92,0,0,1,0,34,0,1,0,0,9,14,111,9,59,17,14,26,0,73,1,3,89,6,138,17,0,150,61,31,3,6,4,0,44
90,0,0,0,0,36,0,0,0,0,17,1,49,36,103,11,11,17,1,117,7,0,155,2,174,195,0,105,81,33,10,0,2,0,26
152,0,0,0,0,104,0,0,0,0,5,4,16,22,6,6,4,5,2,136,1,0,110,3,51,31,0,149,13,3,7,1,5,0,10
31,0,0,0,0,102,0,0,0,0,11,8,10,51,57,19,4,6,1,80,5,2,14,1,119,125,0,91,51,28,8,6,1,2,45
135,0,0,0,0,158,0,0,0,2,36,1,34,39,45,14,17,35,0,81,2,1,23,1,71,150,0,123,58,3,8,4,1,2,131
58,0,0,0,0,49,0,0,0,1,1,13,46,6,10,7,10,52,1,92,1,3,15,5,177,131,0,55,51,15,7,2,4,0,114
68,0,0,0,0,72,0,0,0,0,9,3,116,16,25,14,12,50,0,40,5,2,99,2,110,166,1,103,20,12,14,0,0,0,114
48,0,0,0,0,99,0,0,0,0,17,5,67,41,10,10,7,39,0,148,3,5,172,2,173,47,0,58,31,53,5,2,1,0,118
138,0,1,0,0,55,0,0,0,0,22,10,12,39,7,20,4,11,0,26,0,2,13,9,96,97,0,158,87,49,0,2,0,0,36
83,1,0,0,0,80,0,0,0,0,15,16,103,22,8,16,9,2,0,103,2,1,48,7,117,171,0,143,69,40,8,2,1,0,133
71,0,0,0,0,122,0,0,0,0,26,17,127,45,40,16,12,23,2,38,2,3,36,8,71,113,0,93,22,27,2,3,3,1,93
26,0,0,0,0,53,0,1,0,0,20,1,91,22,36,13,3,16,1,85,1,0,132,2,40,61,0,129,65,3,13,1,1,3,74
8,0,0,0,0,99,1,0,0,0,25,1,132,34,5,11,13,40,1,26,10,1,17,4,182,125,1,87,55,34,8,2,4,0,59
8,0,0,0,0,58,0,0,0,0,18,7,62,21,94,11,3,19,1,92,0,2,89,4,138,64,0,166,36,21,11,1,10,1,34
114,0,0,0,0,10,0,0,0,0,8,5,31,7,80,18,9,36,0,60,1,5,128,0,43,94,0,126,62,13,14,3,3,0,54
144,1,0,0,0,70,0,0,0,0,2,9,15,38,60,19,16,65,0,18,0,1,152,9,108,66,0,148,51,8,10,5,2,0,42
131,0,0,0,0,41,0,0,0,0,28,2,51,28,19,2,5,60,0,91,3,0,43,8,145,134,2,160,7,38,3,1,4,0,8
151,0,0,1,0,106,0,0,0,0,5,12,27,38,37,11,4,49,1,19,0,4,95,12,107,115,0,162,6,37,19,4,1,0,82
30,0,0,0,0,78,0,0,0,0,12,8,28,27,106,4,11,44,1,90,3,2,15,3,165,128,0,141,49,6,21,0,7,0,121
116,0,0,0,0,111,0,0,0,0,13,9,97,4,18,6,14,28,1,125,2,4,124,10,15,32,1,129,12,3,15,4,5,0,121
9,0,0,0,0,142,0,0,1,0,12,9,131,9,65,17,1,21,0,105,3,2,128,6,133,17,1,95,23,17,27,1,4,1,40
43,0,0,0,0,42,0,0,0,0,22,8,90,17,11,19,6,30,1,132,10,2,151,2,88,191,0,90,34,49,12,0,5,0,31
45,0,0,0,0,143,0,0,0,0,15,3,20,24,76,11,6,11,1,15,1,5,44,1,104,67,0,39,14,34,22,1,2,2,70
93,0,0,0,0,38,0,0,1,0,25,7,112,9,22,2,3,53,1,58,8,4,125,12,65,117,0,134,13,30,4,2,5,0,58
56,0,0,0,0,31,0,0,0,0,23,18,51,42,12,18,5,25,1,132,7,4,104,5,42,13,0,82,81,34,32,3,1,2,121
64,0,0,0,0,49,0,0,0,0,7,20,110,28,40,25,14,40,0,44,6,1,25,7,109,99,1,110,12,4,19,3,3,0,39
141,0,0,0,0,116,0,0,0,0,33,6,114,38,70,24,5,45,0,47,4,2,31,2,67,14,0,30,6,34,11,1,5,0,48
93,0,0,0,0,144,0,0,0,0,12,2,68,41,64,17,5,39,2,23,2,1,72,7,57,47,0,119,57,27,2,1,3,0,8
87,0,0,0,0,77,0,0,0,0,19,19,96,22,68,5,9,13,0,142,2,0,108,1,139,81,0,146,17,10,24,1,3,1,126
73,0,0,0,0,92,0,0,2,0,3,15,117,40,83,12,4,26,1,53,2,2,79,11,51,140,0,146,46,10,21,4,5,0,22
74,1,0,0,0,96,0,1,0,0,4,3,141,42,89,10,7,45,1,32,0,0,56,9,124,193,0,78,64,31,5,1,0,0,127
105,0,0,0,0,93,0,0,0,0,1,13,44,36,104,18,5,7,0,47,9,1,14,7,165,100,2,111,78,8,14,1,10,0,125
159,0,1,0,0,65,0,0,0,0,16,14,18,30,12,3,2,42,1,109,1,1,107,5,125,56,0,41,63,17,8,3,3,0,17
67,0,0,0,0,131,0,0,0,0,20,7,126,37,56,11,6,13,0,142,4,0,164,10,116,159,0,83,52,41,5,2,3,2,126
96,0,0,0,0,14,0,0,0,0,36,15,54,13,56,8,4,20,0,141,2,2,47,1,151,196,0,47,86,17,12,2,9,0,114
135,0,0,0,0,81,0,0,0,0,13,19,79,3,57,4,11,36,0,76,4,7,108,10,112,141,0,85,36,9,13,2,0,0,47
108,0,0,0,0,163,0,0,1,0,2,8,31,18,95,0,11,28,0,32,2,2,76,14,185,153,0,56,66,15,20,4,5,0,23
109,0,0,0,0,46,0,0,0,0,32,17,27,24,77,11,17,29,0,42,5,1,27,4,42,174,0,77,68,31,8,2,1,0,49
32,0,0,0,0,90,0,0,0,0,34,9,96,37,41,18,4,28,1,139,4,3,139,9,97,94,1,24,15,40,15,0,3,1,105
10,0,0,0,1,53,0,0,0,0,1,10,47,26,16,2,14,16,0,30,2,0,67,3,30,65,0,21,81,26,15,2,0,0,22
124,0,0,0,0,138,0,0,0,0,12,3,48,43,42,22,4,9,0,76,1,4,134,1,158,127,0,134,42,18,7,2,1,0,15
49,0,0,0,0,30,0,0,0,0,13,15,42,14,63,8,4,40,1,125,6,2,136,15,45,192,1,44,56,2,20,1,4,0,29
70,0,0,0,0,151,0,0,0,0,6,7,79,42,75,7,3,20,1,53,2,1,116,7,18,119,0,26,26,36,0,2,8,1,15
101,0,0,0,0,33,0,0,0,0,15,6,115,39,54,4,7,49,2,45,7,0,54,3,121,133,0,15,58,23,17,1,9,1,45
66,0,0,0,0,59,1,0,0,0,33,4,106,33,92,6,18,9,0,138,3,2,34,1,105,83,0,156,14,5,0,1,3,0,137
50,0,0,0,1,82,0,0,0,0,5,15,34,22,50,2,2,20,0,129,1,4,35,3,72,61,0,137,16,32,10,1,5,0,26
28,0,0,0,0,126,0,0,0,0,37,12,103,13,10,11,15,10,1,118,3,2,12,2,156,65,1,74,20,25,14,2,2,0,30
26,0,0,0,0,70,0,0,0,0,20,24,122,50,18,2,13,31,0,67,0,1,125,6,188,67,0,66,73,20,4,0,4,0,56
57,0,0,0,0,15,0,0,1,0,24,15,56,21,60,8,10,53,0,119,1,1,160,6,17,41,0,131,59,19,26,1,2,1,20
137,0,0,0,0,99,0,0,0,0,17,4,24,33,27,26,13,41,0,50,5,0,32,5,60,43,0,81,58,28,9,0,3,0,28
29,1,0,0,0,81,0,0,0,0,24,13,90,22,76,11,8,42,0,60,5,4,91,7,22,192,1,16,35,26,15,4,0,0,27
130,0,0,0,0,50,0,0,0,0,24,6,58,14,85,17,10,4,0,36,6,1,120,3,161,86,1,40,77,8,32,5,0,1,60
76,0,0,0,0,58,1,0,0,0,30,8,96,22,23,17,3,53,0,30,1,1,58,7,164,190,0,23,25,36,20,3,5,0,108
93,0,0,0,1,76,1,0,1,0,32,15,81,11,79,5,2,30,0,105,0,1,138,1,45,155,0,146,19,2,24,2,5,0,133
11,0,0,0,0,134,0,0,0,0,20,19,81,37,78,15,1,41,0,139,7,1,155,5,156,19,0,33,58,16,6,1,1,0,10
136,0,0,0,0,134,0,0,0,0,24,17,132,16,8,2,14,18,1,151,1,3,52,4,124,149,0,160,37,9,5,3,7,0,88
67,0,0,0,0,28,0,0,0,1,34,10,40,11,93,7,8,37,0,89,1,0,113,2,23,22,0,113,57,35,22,0,2,0,123
48,1,1,0,0,120,1,0,0,0,26,13,80,5,45,12,9,6,0,111,2,1,171,6,159,25,0,160,8,22,28,1,1,0,78
162,0,0,0,0,137,0,0,0,0,10,7,103,17,83,15,14,6,1,39,4,7,170,1,86,16,0,35,63,31,11,1,3,1,9
35,0,0,0,0,68,0,0,0,0,5,10,78,37,82,23,0,27,1,31,5,6,115,1,192,90,0,10,41,35,17,0,2,0,55
54,0,0,0,0,78,0,0,0,0,20,8,59,36,17,3,1,5,2,49,5,5,153,5,94,166,0,80,29,6,1,1,6,1,34
72,0,0,1,0,65,0,0,0,0,16,3,111,25,71,12,12,40,0,98,5,1,173,5,35,66,1,19,25,23,13,2,2,0,21
94,0,0,0,0,100,0,0,0,0,16,4,112,49,45,12,16,37,0,125,6,8,28,6,189,90,1,91,68,22,29,0,3,0,7
124,0,0,0,0,21,0,0,0,0,5,15,69,39,62,10,1,26,1,127,3,2,167,3,86,114,0,100,2,46,7,1,2,0,66
63,10,0,0,1,51,5,0,0,0,4,31,91,23,15,16,14,9,18,60,4,1,151,21,91,11,16,57,7,6,16,18,7,9,38
31,10,0,1,0,73,11,0,0,0,46,13,28,41,24,5,3,29,17,63,3,0,118,13,112,121,10,38,70,8,20,0,0,31,70
22,21,0,0,0,116,31,0,0,0,47,26,64,40,63,13,14,49,21,54,0,4,18,19,63,127,13,134,88,48,16,10,4,24,95
29,25,0,0,0,115,27,0,0,0,22,23,118,12,65,38,5,21,10,119,6,2,65,31,152,20,11,93,70,47,16,25,11,17,7
121,8,0,0,0,49,29,0,0,0,24,4,45,4,80,11,9,45,20,123,0,2,66,20,121,12,22,122,14,26,11,2,17,5,106
54,25,0,0,0,8,29,0,0,0,16,38,48,28,56,5,34,9,20,113,3,5,141,55,89,41,20,54,32,32,7,6,13,47,51
26,18,0,0,0,30,25,0,0,0,29,46,111,36,71,5,12,72,32,102,7,4,176,20,142,121,38,54,40,36,2,30,7,34,31
108,23,0,0,0,18,11,0,0,0,36,0,87,79,40,28,44,37,2,14,11,3,114,5,110,128,48,40,75,19,22,4,17,14,20
84,32,0,0,0,36,35,0,0,0,19,23,80,18,31,34,46,31,8,46,7,6,160,2,103,119,6,103,17,10,46,13,19,46,55
94,26,0,0,0,113,10,0,0,0,4,38,153,39,16,48,24,17,32,100,0,3,134,15,71,74,25,83,55,11,53,26,16,24,56
104,23,0,1,1,118,22,0,0,0,44,24,14,9,30,37,36,5,41,40,2,1,91,49,106,123,12,61,51,24,40,12,28,25,28
98,3,0,0,0,22,24,0,0,0,42,21,119,39,29,7,70,68,13,55,0,4,130,51,66,148,15,16,64,15,15,14,6,17,119
23,43,0,0,0,21,32,0,0,0,9,63,17,56,31,24,24,52,3,81,8,2,19,27,68,157,11,109,11,19,50,16,6,39,93
92,40,1,0,0,61,25,0,0,1,29,22,108,48,3,38,44,20,4,72,3,1,136,45,146,87,20,90,28,5,32,2,19,10,91
71,52,0,1,0,89,12,0,0,0,31,44,95,35,35,41,65,19,38,40,10,3,56,43,14,43,30,49,53,28,68,44,32,53,67
25,23,0,0,0,70,10,0,0,1,40,50,137,40,65,13,19,47,23,15,4,4,92,65,122,168,25,27,63,10,56,11,21,9,93
41,38,1,0,0,13,39,0,0,0,48,62,18,5,14,23,46,41,25,28,10,3,33,56,114,36,62,60,17,22,5,42,11,52,24
38,39,0,0,0,56,7,0,0,0,42,17,136,51,60,24,79,43,20,88,0,5,156,63,107,139,39,82,26,25,68,25,21,63,56
37,4,0,0,0,55,28,0,0,0,44,15,15,35,13,39,32,48,43,67,13,2,146,38,95,122,29,48,70,38,17,22,16,28,36
91,52,0,0,0,67,56,0,0,1,32,24,76,42,18,37,8,6,23,45,0,2,77,54,53,135,41,69,4,12,22,2,35,34,14
45,30,0,0,0,41,40,0,0,0,57,5,105,49,15,0,37,6,50,62,0,1,44,59,36,103,47,69,22,23,28,21,14,44,24
56,34,0,0,0,58,8,2,0,0,19,2,18,18,34,35,35,7,30,16,3,4,107,58,121,15,28,14,25,20,12,29,19,8,37
81,15,1,0,0,32,54,0,0,0,23,44,32,62,68,29,25,59,43,89,3,5,56,66,125,97,64,90,28,41,8,6,0,37,62
36,36,0,0,1,22,43,0,0,0,38,32,94,45,21,26,51,58,12,83,5,3,40,49,92,38,19,105,37,2,19,51,11,48,43
104,6,0,0,0,14,41,0,0,0,29,61,71,18,7,21,69,53,6,55,12,0,28,36,82,122,29,91,56,39,9,41,3,5,10
10,60,0,0,0,11,58,0,0,0,61,4,94,82,56,17,35,56,39,80,0,0,95,56,109,148,29,59,10,10,17,17,12,25,87
86,24,0,0,0,16,41,0,0,0,46,55,49,59,29,31,48,4,47,9,5,5,66,36,114,71,18,18,50,4,43,55,20,56,72
35,19,0,0,0,28,4,0,0,0,59,45,10,47,56,14,9,52,35,81,9,4,175,75,67,41,35,73,53,29,43,9,26,59,21
91,71,0,0,0,66,12,0,0,1,20,50,90,55,43,5,54,64,37,42,1,1,77,41,77,16,55,70,48,24,71,28,11,17,30
69,29,0,0,0,65,8,0,0,0,39,12,36,51,40,38,8,71,21,78,8,4,166,12,67,82,56,106,49,26,21,35,31,31,50
81,38,0,0,0,73,17,0,0,0,7,57,101,13,50,51,9,76,34,58,4,6,85,81,11,121,53,8,54,17,29,32,8,70,9
55,29,0,0,0,73,8,0,0,0,66,56,109,5,24,6,63,23,72,67,1,3,43,37,46,98,62,13,11,46,39,34,11,6,82
58,42,0,0,0,106,8,0,0,0,67,15,69,17,22,29,26,23,36,30,7,7,145,28,40,106,14,64,34,15,12,11,8,11,45
10,36,0,0,0,55,5,0,2,0,15,24,7,28,68,16,10,14,30,65,11,5,69,67,57,85,58,78,29,27,45,45,21,44,6
29,22,0,0,0,52,56,1,0,0,45,33,58,7,5,34,53,40,6,20,10,0,58,15,47,87,52,108,30,33,15,54,20,60,43
50,25,0,0,0,62,35,0,0,0,16,15,124,58,24,24,39,78,36,83,2,4,104,19,31,53,48,43,28,28,29,62,6,64,82
31,15,0,0,0,62,37,0,0,0,19,58,147,80,20,27,31,30,18,85,0,3,118,8,86,79,8,102,11,33,73,9,22,48,80
18,39,1,0,0,60,70,0,0,0,49,10,95,24,18,16,66,11,7,52,7,5,146,60,61,21,25,10,50,10,5,21,15,26,56
74,20,0,0,0,65,38,0,0,0,64,53,30,65,6,4,51,85,17,34,6,3,93,46,54,138,56,41,34,22,71,38,8,9,52
45,59,0,0,0,52,61,0,0,0,18,23,24,12,20,62,47,60,69,52,7,6,19,59,79,117,36,86,27,21,49,11,23,63,39
64,4,0,0,0,38,15,0,0,0,65,47,51,72,47,34,16,22,36,53,8,3,71,49,80,37,61,41,50,36,59,47,3,31,24
68,11,0,0,0,27,55,0,0,0,63,27,123,37,34,25,74,65,57,69,13,1,67,80,76,101,52,96,30,10,76,32,5,43,84
41,35,0,0,0,82,74,0,0,0,39,21,116,20,69,40,3,15,75,21,1,0,47,20,110,61,8,66,6,31,54,45,17,79,16
82,41,0,0,0,26,59,0,0,0,11,53,57,42,8,44,6,86,91,40,2,0,38,60,90,26,49,27,35,8,68,32,11,49,12
44,21,0,0,0,70,36,0,0,0,9,65,85,6,60,11,22,57,69,11,7,1,112,60,50,22,8,93,77,29,80,40,11,38,25
78,4,0,0,0,81,20,0,0,0,40,36,109,69,69,26,89,63,68,16,4,1,150,22,86,32,8,12,5,23,73,17,3,21,4
6,44,0,0,2,69,20,0,0,0,37,12,43,45,46,53,46,29,60,25,4,4,138,87,4,98,50,12,7,30,50,9,5,15,32
17,8,1,0,0,68,28,0,0,0,16,51,88,31,19,35,42,9,55,10,6,1,144,9,21,40,29,59,43,44,45,23,12,23,30
8,17,1,0,0,77,6,0,0,0,46,45,157,45,42,63,22,37,78,78,0,1,178,19,40,143,85,66,18,20,26,17,30,16,34
18,42,0,0,0,36,56,0,0,0,18,55,87,9,13,33,28,55,50,68,12,1,30,81,104,106,40,84,31,40,37,19,38,18,81
15,66,0,0,0,18,27,0,0,0,32,6,152,10,14,10,51,48,15,45,8,4,100,46,34,101,55,55,54,33,77,39,19,65,3
66,43,0,0,0,68,10,0,0,0,43,36,72,57,34,38,67,65,57,31,11,1,49,49,29,124,8,70,41,20,73,49,29,12,67
69,54,0,0,0,40,26,0,0,0,47,69,129,17,16,64,45,71,33,69,3,2,116,61,8,60,46,31,7,16,30,35,26,27,11
57,32,1,0,0,15,5,0,0,0,61,90,47,25,6,56,37,75,30,32,2,6,15,60,5,15,35,67,43,25,66,8,22,14,73
63,60,0,0,0,51,74,0,0,0,40,27,154,71,18,59,21,23,37,57,5,2,68,72,44,126,66,71,22,28,69,57,22,31,56
42,53,0,0,0,31,70,0,0,0,60,85,92,73,46,59,40,76,16,66,9,8,75,93,37,64,21,77,9,15,36,58,8,71,35
75,76,0,0,0,65,16,0,0,0,53,18,129,90,17,51,79,47,54,52,10,5,132,66,94,57,18,21,65,14,58,28,20,22,72
51,28,0,0,1,64,64,0,0,0,44,6,107,74,26,7,92,23,80,36,1,2,81,17,87,57,7,35,19,28,91,8,8,43,14
66,57,0,0,0,65,68,0,0,0,75,19,79,8,10,44,46,42,77,43,5,1,22,49,49,52,42,32,24,29,84,28,33,34,73
27,31,0,0,0,86,55,0,1,0,43,62,9,48,44,22,74,22,23,74,3,5,80,12,96,112,9,77,3,31,71,12,6,105,74
17,24,0,0,0,24,73,0,0,0,68,15,142,42,16,6,33,13,49,23,2,7,137,18,108,119,74,42,18,4,43,52,34,29,11
46,68,0,0,0,35,46,0,0,0,41,13,132,41,23,50,34,11,6,37,14,2,155,33,53,31,64,69,56,23,50,36,19,14,73
31,67,0,0,0,18,61,0,0,0,18,49,105,8,31,53,42,43,1,54,0,1,72,53,62,113,11,80,9,22,56,28,24,99,9
70,24,0,0,0,54,50,0,0,0,32,30,122,80,24,18,22,64,34,55,6,7,76,58,80,50,74,8,42,8,26,65,24,62,42
47,59,0,0,0,57,64,0,0,0,62,57,111,26,5,47,72,77,6,67,8,0,129,52,31,127,4,28,35,3,23,46,24,5,77
75,9,0,0,0,33,44,0,0,0,29,16,97,50,23,68,61,54,56,77,6,6,111,12,28,74,26,37,29,3,35,69,29,82,50
50,20,0,0,0,5,20,0,0,0,53,70,82,29,15,32,93,80,21,10,1,1,111,87,54,99,60,69,53,42,27,40,20,23,44
29,45,0,0,0,5,28,0,0,0,36,36,142,8,14,5,75,48,28,11,12,2,104,35,31,97,58,8,37,6,68,44,5,20,70
12,61,0,0,0,29,23,0,0,0,39,15,86,20,21,34,67,6,33,28,1,8,107,6,111,134,68,60,52,32,37,20,20,4,9
73,68,0,0,0,64,61,0,0,0,76,37,27,12,1,56,57,72,49,65,1,0,124,50,34,119,74,17,37,26,28,13,31,21,74
52,37,1,0,0,32,13,0,0,0,22,7,25,89,15,62,98,56,17,42,10,0,170,10,71,103,56,24,35,46,15,64,12,58,30
69,80,0,0,0,59,62,0,0,0,15,58,26,80,9,71,80,77,26,53,7,2,61,50,36,79,29,6,40,25,40,74,22,3,55
59,60,0,0,0,64,53,0,0,0,53,41,40,16,28,7,9,31,52,49,11,0,102,89,98,119,62,20,39,43,14,60,16,30,43
13,16,0,0,0,8,21,0,0,0,26,75,130,40,21,31,27,75,84,10,12,2,79,68,2,114,67,39,56,50,33,40,31,60,24
7,16,0,0,0,8,6,0,0,0,57,42,78,93,15,59,86,27,21,65,9,1,97,3,94,52,83,79,38,20,59,63,26,17,54
32,68,0,0,0,53,23,0,0,0,83,32,141,9,9,18,83,39,16,18,13,2,132,90,71,23,58,41,33,15,92,18,12,81,33
7,42,0,0,0,46,36,0,0,0,46,91,134,19,21,20,105,33,54,53,12,0,32,17,31,49,41,4,7,23,14,50,20,95,15
11,16,0,0,0,41,40,0,0,2,7,45,61,55,11,27,86,80,50,11,6,7,26,31,69,120,40,66,20,22,41,75,35,57,26
54,4,0,0,1,32,63,0,0,0,87,58,46,64,8,14,119,8,26,38,15,6,85,99,43,34,8,19,4,24,18,61,2,30,8
39,30,0,0,0,33,34,0,0,0,79,72,49,70,29,24,73,7,19,34,6,0,109,28,41,51,63,78,58,27,20,17,4,97,28
48,38,0,1,1,36,52,0,0,0,38,78,81,28,5,38,61,20,9,25,13,3,42,27,51,54,68,48,33,42,9,56,16,28,44
4,75,0,0,0,18,41,0,0,0,57,57,12,46,34,9,34,26,35,74,1,4,119,87,4,126,87,84,26,15,16,14,39,46,45
23,79,0,0,0,32,43,0,0,0,56,13,11,53,24,19,86,76,86,12,2,2,9,101,63,9,35,35,50,17,55,71,4,24,15
38,29,0,0,0,30,7,0,0,0,78,68,19,41,43,26,107,26,24,67,4,6,107,91,85,11,89,67,8,4,21,31,2,9,13
58,26,0,0,0,9,13,0,0,0,30,57,74,40,32,74,4,15,58,50,3,5,23,16,66,89,59,66,7,28,22,47,18,14,51
42,27,0,0,0,44,37,0,0,0,78,36,106,72,30,18,98,46,51,46,2,1,114,22,44,88,26,57,50,8,39,59,24,59,53
8,22,0,0,0,63,2,0,0,0,85,23,20,54,46,59,102,23,86,19,2,8,169,12,23,79,63,37,49,25,21,64,11,33,55
19,64,0,0,0,17,38,0,0,0,75,99,167,29,24,37,30,43,71,66,16,2,14,78,66,77,62,42,45,32,42,11,4,11,25
44,39,0,0,0,61,66,0,0,0,61,41,17,33,43,40,104,72,15,43,3,3,80,20,48,31,27,15,53,14,42,13,7,28,34
54,57,0,0,0,54,97,0,1,0,68,10,62,66,17,49,125,78,41,18,1,2,78,11,53,92,20,65,18,32,43,34,19,9,48
47,25,0,0,0,28,64,0,0,0,72,60,34,9,18,25,94,21,97,21,2,4,67,79,53,98,38,54,23,7,14,47,6,28,29
22,73,1,0,0,31,27,0,0,0,26,82,141,62,40,16,83,98,33,7,3,5,82,63,89,26,84,21,48,13,52,69,40,113,20
47,63,0,0,0,5,24,0,0,0,67,89,89,20,20,59,38,67,26,28,5,2,165,94,51,29,71,59,22,10,69,68,16,16,67
50,34,0,1,0,33,78,0,0,0,52,43,109,21,31,64,114,89,39,53,6,3,49,104,7,40,43,38,28,18,84,70,10,103,61
50,87,0,0,0,36,56,0,0,0,72,33,20,43,41,17,79,35,114,37,11,8,92,103,7,51,31,21,37,40,37,40,17,105,19
18,6,0,0,0,9,14,0,0,0,85,91,48,63,18,51,63,41,90,30,6,7,169,43,26,31,28,49,64,22,68,33,22,126,19
21,32,0,0,0,22,16,0,0,0,100,35,53,57,12,60,8,44,67,53,8,3,53,81,56,65,56,53,52,7,30,84,39,35,15
63,13,0,0,0,42,22,0,0,1,32,34,52,47,13,58,15,71,113,61,9,1,96,117,23,70,26,29,27,14,29,29,9,30,54
36,31,0,0,0,68,77,0,0,0,39,29,97,56,37,16,116,20,34,32,4,2,63,120,73,82,89,5,69,40,50,61,16,70,23
9,59,0,0,0,14,43,0,0,0,76,75,85,16,45,14,81,83,73,60,3,3,125,19,48,122,16,7,39,29,71,23,11,62,32
45,17,0,0,0,41,34,0,0,0,56,104,104,9,17,25,20,3,62,49,5,5,112,99,64,38,42,18,30,13,106,84,33,71,35
36,97,0,0,0,18,16,0,0,0,24,89,146,88,36,10,95,59,55,22,3,2,75,102,41,64,56,67,46,6,17,7,31,29,17
23,34,0,0,0,21,51,0,0,0,74,17,95,29,30,78,7,30,47,17,9,0,46,123,60,89,74,46,22,27,53,41,12,93,57
4,60,0,0,1,2,55,0,0,1,47,54,124,46,34,10,78,47,18,24,10,0,36,69,15,52,71,61,56,36,84,29,32,97,21
9,76,0,1,0,33,10,0,0,0,89,85,92,82,42,57,45,37,35,34,17,4,110,104,61,66,12,38,55,35,46,26,5,22,67
35,9,1,0,0,29,52,0,0,0,44,42,113,67,16,27,52,7,40,32,10,4,53,27,28,87,80,64,16,26,40,38,47,119,27
40,89,0,0,1,53,14,0,0,0,30,23,143,91,30,57,19,83,20,29,5,6,109,79,57,50,83,43,3,46,52,26,16,116,7
23,87,0,0,0,38,65,0,0,0,23,84,25,106,42,35,93,10,111,57,5,2,37,82,23,73,86,54,53,13,26,79,39,15,31
20,69,0,0,0,30,75,0,0,0,43,66,120,41,17,62,96,80,49,20,8,0,60,74,59,13,77,55,12,2,81,68,23,11,41
64,6,0,0,0,34,62,0,1,0,15,101,31,79,14,10,29,35,39,44,15,3,73,22,22,124,64,54,53,10,34,44,53,50,34
44,24,0,0,0,31,90,0,0,0,14,77,109,18,15,75,39,49,83,38,17,2,150,49,62,22,39,51,42,8,87,46,39,64,23
45,54,0,0,0,22,92,0,0,0,26,97,15,94,3,12,67,16,35,46,0,3,9,53,14,58,49,35,46,8,39,46,4,83,28
12,87,0,0,0,37,29,0,0,0,46,32,169,75,30,21,104,9,101,12,4,4,89,66,52,69,69,39,30,33,28,83,49,54,59
39,59,0,0,0,12,67,0,0,0,79,18,142,70,22,55,34,49,99,11,8,4,44,87,53,129,109,12,11,31,103,95,25,83,8
4,37,0,0,0,45,5,0,1,0,90,51,15,67,29,11,109,49,109,69,5,4,157,53,11,120,20,67,53,39,94,35,3,101,58
35,33,0,1,0,42,55,0,0,0,84,88,43,91,23,14,40,57,54,50,0,3,170,130,45,52,58,31,7,40,63,40,10,47,39
13,96,0,1,0,13,38,0,0,0,79,11,64,64,22,16,45,32,66,43,15,1,140,24,13,20,84,5,47,2,41,11,52,93,30
6,60,0,0,0,19,69,0,0,0,68,83,32,59,38,68,87,77,61,12,18,6,65,15,17,85,81,49,12,6,69,7,34,54,40
14,106,0,0,0,44,118,0,0,0,67,54,29,45,18,80,140,15,7,10,15,6,68,22,18,64,15,3,7,37,38,13,5,23,38
6,98,0,0,0,7,21,0,0,0,55,120,52,70,20,75,16,93,20,43,16,1,46,35,56,125,63,15,57,12,9,10,9,116,7
19,118,0,0,0,23,26,0,0,0,79,106,74,55,13,79,75,40,36,22,18,6,138,53,30,108,16,14,36,30,70,73,13,88,27
21,17,0,0,0,37,54,0,0,0,19,65,38,57,18,38,128,29,115,37,1,3,153,128,18,22,58,43,7,17,9,65,41,26,2
16,101,0,0,0,25,36,0,0,0,31,34,142,9,12,56,77,47,72,29,12,2,32,127,36,101,20,52,41,20,25,83,51,65,25
3,68,0,1,0,4,54,0,0,0,34,89,40,48,6,29,150,79,25,19,3,2,126,81,38,79,97,33,55,29,39,107,4,103,33
6,46,0,0,0,17,74,0,0,0,50,117,144,58,11,8,151,11,77,7,5,1,83,15,49,62,31,10,52,38,133,120,32,55,38
6,49,0,0,1,4,45,0,0,0,50,91,42,71,19,55,126,79,50,35,18,3,25,28,41,37,87,19,43,43,12,54,9,48,30
15,11,0,0,0,13,82,0,0,0,36,53,101,51,21,70,98,29,58,13,1,1,116,113,19,28,39,4,25,19,23,86,28,64,8
6,28,0,0,0,3,119,0,0,0,71,97,70,43,18,46,85,19,118,16,18,7,74,69,29,38,30,18,10,26,53,96,33,90,19
4,84,0,0,0,20,48,1,0,0,15,30,45,28,14,61,142,30,85,3,3,1,87,58,17,33,53,13,39,24,13,75,5,89,28
12,127,0,0,0,15,121,0,0,0,14,7,90,96,8,45,44,49,138,10,1,4,47,48,2,11,101,18,12,40,92,122,18,86,31
4,10,0,0,0,5,126,0,0,0,9,64,46,91,9,79,99,84,15,17,0,8,128,139,22,13,99,16,25,19,89,39,12,139,33
0,144,0,0,0,0,144,0,0,0,79,42,135,18,0,108,113,80,171,4,12,7,14,22,2,25,88,26,10,17,56,71,22,29,21
0,111,0,0,0,0,125,0,1,0,66,63,126,73,0,50,69,34,170,4,8,2,142,101,5,100,44,14,25,5,28,83,60,58,12
0,22,0,0,0,0,112,0,0,0,16,51,144,77,1,59,190,49,114,5,15,2,37,19,6,54,130,16,20,24,127,25,33,121,12
0,58,0,0,0,0,81,0,0,0,42,140,79,63,0,115,179,76,93,6,8,3,44,91,2,70,82,12,34,5,84,96,48,40,9
0,115,0,1,0,0,48,0,0,0,8,119,133,18,1,55,129,89,149,3,13,1,151,11,2,31,131,21,11,5,29,57,31,16,10
0,30,0,0,0,0,139,0,0,0,37,109,166,51,1,113,185,100,22,1,22,4,10,174,4,42,26,17,38,2,86,8,26,28,4
0,69,0,0,0,0,104,0,0,1,13,125,119,44,0,106,100,64,35,4,21,4,163,16,4,9,16,5,35,28,76,68,40,178,13
0,87,0,1,0,0,37,0,0,0,124,14,19,22,0,26,20,34,87,1,21,6,163,28,8,72,47,14,13,28,100,27,42,140,21
0,23,0,0,0,0,115,0,0,0,103,153,63,29,0,62,51,83,101,1,7,4,22,18,2,52,118,14,25,42,95,85,62,72,14
0,108,0,0,0,0,81,0,0,0,17,105,10,74,0,76,80,100,102,2,11,0,80,16,9,71,108,8,19,12,88,76,32,158,20
0,21,0,0,0,0,139,0,1,0,16,85,41,47,0,97,149,105,178,3,12,5,139,161,6,39,80,13,39,43,68,75,43,141,13
0,92,0,0,0,0,108,0,0,0,31,21,133,79,1,75,101,97,176,3,14,2,111,126,4,50,18,14,55,34,58,125,54,101,10
0,132,0,0,0,0,115,0,0,0,15,131,57,78,1,18,117,57,38,1,14,4,28,98,3,38,134,13,38,25,36,129,66,121,6
0,22,0,0,0,1,68,0,0,0,95,109,23,46,0,11,24,78,144,3,2,6,36,132,2,59,107,8,1,31,75,150,23,106,2
0,12,1,0,0,0,123,0,0,0,10,17,27,90,1,28,89,44,167,1,3,6,9,22,3,83,76,9,6,31,23,129,47,99,10
0,12,0,0,0,0,78,0,0,0,67,72,140,56,0,76,183,51,7,0,11,2,142,50,0,72,163,8,36,6,20,70,16,161,3
0,96,0,0,0,0,63,0,0,0,121,156,132,79,0,23,12,97,13,2,21,5,136,130,1,28,144,19,38,34,135,41,36,137,1
1,17,0,0,2,0,113,0,0,0,72,36,135,21,1,107,23,107,155,2,19,5,140,164,3,8,94,10,7,6,61,74,23,127,1
0,39,0,0,0,0,76,0,0,0,129,44,98,69,0,108,65,12,76,1,13,4,32,17,12,30,96,19,8,37,35,93,41,11,9
0,80,0,0,0,1,22,0,0,0,114,153,29,50,0,35,130,99,10,6,0,2,34,159,1,45,109,5,50,2,153,89,54,111,19
1,120,0,0,0,1,47,0,0,0,108,141,80,30,2,54,181,48,42,3,10,5,106,172,0,77,29,12,30,43,150,76,36,136,22
0,151,1,0,0,0,132,0,0,0,108,79,149,17,0,95,169,77,27,4,11,1,17,60,1,61,12,11,15,25,64,107,24,130,3
0,94,0,0,0,0,138,0,0,0,60,61,125,35,0,125,188,28,162,1,1,5,141,127,2,18,119,8,12,29,24,94,12,129,15
0,98,0,0,0,0,48,0,0,0,107,125,135,78,0,55,97,75,170,4,7,7,160,90,1,67,95,6,29,9,74,102,24,30,3
0,86,0,0,0,1,101,0,0,0,35,153,123,95,0,95,105,93,110,2,23,1,40,128,0,91,27,22,23,28,96,132,62,113,13
1,15,1,1,0,0,83,0,0,0,122,149,121,25,0,38,77,87,128,1,19,2,59,25,4,55,99,16,19,4,91,108,40,91,4
0,21,0,0,1,0,45,0,0,0,9,56,65,25,1,27,151,34,75,3,3,5,159,154,0,74,11,11,16,9,111,6,56,53,5
0,40,0,0,0,0,97,0,0,0,109,49,132,114,0,53,141,88,129,1,14,5,99,103,1,93,115,29,4,7,31,110,33,39,9
0,120,0,2,0,0,89,0,0,0,13,69,24,11,0,37,123,97,118,3,10,6,50,52,3,50,145,17,52,7,19,134,6,75,6
0,84,0,0,0,0,118,0,0,0,102,145,81,95,0,37,28,77,14,5,0,3,109,13,0,48,7,6,26,32,143,142,47,126,10
0,63,0,0,0,0,120,0,0,0,125,155,145,123,0,32,111,93,142,0,8,10,116,146,2,9,22,24,40,33,51,63,33,72,19
0,63,0,0,1,0,15,0,0,0,30,89,138,60,0,94,39,101,112,5,8,1,117,172,1,38,46,6,40,22,55,126,61,26,9
0,66,0,1,0,0,89,0,0,0,120,15,130,27,0,25,133,17,117,0,10,5,47,90,3,84,29,21,42,25,111,24,18,146,13
0,144,0,0,0,0,73,0,0,0,78,128,129,63,0,67,137,7,122,8,9,1,24,118,0,6,57,19,13,22,30,38,44,172,13
0,16,1,0,0,0,117,0,0,0,79,19,61,11,0,23,49,37,24,1,11,7,77,41,5,47,112,18,24,7,123,68,5,177,5
0,132,0,0,0,0,133,0,0,0,45,103,149,60,0,33,67,57,56,7,9,4,115,123,6,63,148,5,7,16,59,60,62,49,21
0,106,0,0,0,0,8,0,0,0,46,116,86,55,0,32,170,23,127,6,6,8,34,82,2,28,155,4,22,10,26,87,5,191,11
0,86,0,1,1,0,37,0,0,0,98,22,161,122,1,91,189,44,41,6,4,0,32,68,3,7,31,15,48,14,34,120,55,76,3
0,63,0,0,0,0,158,0,0,0,101,54,167,122,0,53,79,107,88,4,3,2,64,132,2,15,161,28,19,21,41,79,6,189,12
0,114,0,0,0,0,52,0,0,0,59,136,100,119,0,13,92,30,103,4,7,2,74,114,2,15,128,11,38,2,43,54,70,165,12
0,146,0,0,0,0,120,0,0,0,119,32,98,66,0,59,170,14,134,4,20,6,95,174,1,73,71,12,33,10,67,102,66,166,25
0,158,0,0,1,0,74,0,0,0,110,23,121,117,0,94,96,88,180,6,16,3,94,172,7,11,19,13,45,22,99,136,45,135,19
0,132,0,0,0,0,95,1,0,0,25,129,52,49,0,82,26,13,84,10,8,1,118,34,4,89,133,4,7,26,81,89,47,145,22
0,121,1,0,0,0,20,0,1,0,81,81,118,54,0,103,139,62,122,4,25,4,85,153,2,13,80,9,23,14,139,70,61,183,12
0,123,0,0,0,0,38,1,1,0,38,133,52,81,0,61,139,71,36,4,12,1,78,70,3,86,39,10,35,9,96,80,21,119,3
0,117,0,0,0,0,65,0,0,0,92,102,129,84,0,32,22,54,155,6,16,10,126,189,0,46,14,5,42,15,112,87,34,86,8
0,101,0,0,0,0,58,0,0,0,136,125,14,109,0,37,39,91,115,4,18,5,114,76,1,6,29,5,17,8,54,139,28,139,2
0,106,0,0,0,0,25,0,0,0,98,25,42,98,0,4,77,111,170,3,2,5,53,34,3,84,39,6,17,26,15,61,60,91,4
0,77,0,0,0,0,108,0,0,0,10,149,119,57,0,100,87,32,91,1,15,0,64,79,4,83,147,10,49,38,43,103,70,167,9
0,87,0,0,0,0,119,0,0,1,90,91,136,78,0,71,159,6,30,1,1,1,59,182,0,58,58,21,19,27,30,142,64,183,15
1,108,0,0,0,0,22,0,0,0,51,42,78,24,0,79,46,82,174,1,11,6,47,35,3,50,123,5,22,34,109,14,69,10,26
1,123,0,0,0,0,112,0,0,0,14,23,128,116,0,83,191,17,66,2,1,0,61,167,0,49,17,15,43,1,118,69,58,167,5
0,137,0,0,0,0,137,1,0,0,92,64,83,112,0,5,176,47,177,6,0,2,58,155,2,97,112,2,9,5,134,21,15,88,17
0,140,0,0,0,0,18,0,0,0,12,15,50,101,0,95,152,76,122,1,12,1,55,31,4,69,147,9,50,17,128,68,30,189,1
0,164,0,0,0,0,136,0,0,0,44,110,32,74,0,87,164,109,111,1,13,4,126,48,4,29,114,8,17,14,42,31,28,58,11
0,146,0,0,0,0,94,0,1,0,23,98,66,107,0,41,29,21,168,6,3,2,20,38,1,14,42,9,47,41,141,30,77,91,7
0,86,0,1,0,0,18,0,0,0,23,45,18,92,1,83,48,42,28,8,15,4,92,8,3,73,167,17,39,33,140,66,79,146,10
0,71,0,0,0,0,60,0,0,0,74,56,155,74,0,84,173,61,134,3,4,4,72,119,2,81,149,12,29,28,112,68,74,176,16
0,107,0,0,1,0,73,0,0,0,90,65,138,102,1,35,179,58,160,11,4,1,67,79,2,41,59,13,33,13,64,153,42,61,6
0,149,0,0,0,0,63,0,0,0,126,126,121,89,0,109,76,35,14,1,10,2,139,67,4,50,143,22,22,19,37,140,65,38,3
0,29,0,0,0,0,11,0,0,0,104,75,30,9,0,92,104,19,20,4,17,8,81,138,4,81,33,5,19,9,48,20,28,14,12
0,82,0,3,1,0,147,0,0,0,97,146,93,55,0,85,130,101,48,9,16,1,112,69,5,61,99,15,6,22,52,67,68,81,0
0,81,0,0,0,0,99,0,0,0,56,63,114,102,0,113,22,64,105,5,7,5,116,179,2,54,52,21,43,9,44,126,7,100,1
1,135,0,0,0,0,109,0,0,0,25,55,34,55,1,114,160,74,54,3,3,5,77,61,4,14,30,10,43,3,88,99,37,97,10
1,21,0,0,0,0,103,0,0,0,95,98,69,90,0,56,162,98,119,8,21,0,120,22,0,68,57,11,20,31,36,54,14,182,16
0,59,0,0,0,0,74,0,0,0,13,56,157,64,0,72,162,75,122,7,13,1,112,51,0,27,20,18,12,11,101,95,17,122,18
1,80,0,0,0,0,37,0,0,0,41,61,90,119,2,10,53,71,39,1,0,2,119,134,5,26,76,22,40,36,68,75,28,170,11
0,132,0,0,0,0,10,0,0,0,38,12,158,45,0,71,186,46,95,3,16,3,78,165,2,26,138,2,32,24,26,68,15,79,5
0,77,0,0,1,0,147,0,0,0,107,122,153,121,0,36,159,93,137,4,0,4,65,17,4,81,10,14,3,16,119,16,50,69,28
0,42,0,0,0,0,68,6,0,0,62,57,90,8,14,95,131,85,102,7,2,2,38,77,3,29,66,14,2,26,23,73,80,137,0
0,63,19,0,0,0,107,23,0,1,43,27,99,106,12,11,46,79,114,5,15,3,154,130,4,32,45,31,16,15,41,126,27,130,7
0,99,26,0,0,0,14,27,0,0,91,63,106,79,18,87,132,50,11,6,39,3,113,123,7,78,86,4,54,32,79,106,66,108,33
0,18,13,0,0,0,100,3,0,0,47,131,101,107,6,14,170,54,38,1,5,4,28,180,5,91,16,45,64,10,140,53,39,123,4
0,63,9,0,0,0,126,16,0,0,69,74,85,111,15,35,114,23,15,11,53,2,48,141,9,19,19,42,49,38,84,65,62,123,37
0,48,2,0,0,0,56,29,0,0,47,79,62,47,21,110,8,72,161,2,51,3,142,25,10,66,143,53,57,28,115,85,35,153,5
0,12,9,0,0,0,12,23,0,0,65,137,35,62,15,108,52,96,148,10,38,3,159,84,2,73,23,43,44,20,80,73,65,133,16
0,13,11,0,0,0,104,24,0,0,28,21,47,7,48,98,122,41,26,9,38,6,149,83,1,38,126,34,30,5,151,138,22,149,5
0,18,15,0,0,0,84,16,0,0,17,57,114,61,36,131,36,41,88,6,52,10,12,153,14,78,163,49,50,23,109,50,67,83,36
0,100,27,0,0,0,39,11,0,0,32,32,98,78,50,11,17,66,149,2,41,5,61,121,4,40,163,28,60,32,145,114,38,12,22
0,11,40,0,0,0,84,36,0,0,25,124,69,121,41,54,28,78,153,8,57,2,34,130,10,22,103,39,13,25,128,80,33,48,4
0,11,10,0,0,0,59,9,0,0,53,104,94,143,42,48,101,20,36,2,52,3,86,42,3,4,87,35,5,11,39,66,90,139,37
0,108,41,0,0,0,40,37,0,0,61,114,8,118,52,51,41,85,65,1,78,3,110,150,5,53,31,38,10,5,148,50,86,91,20
0,104,20,0,0,0,53,26,0,0,31,121,51,142,58,73,87,13,62,3,16,5,164,107,7,118,44,59,57,23,151,127,38,46,37
1,39,20,0,0,1,36,35,0,0,97,42,65,24,34,88,134,63,53,7,36,6,55,51,5,67,28,29,55,5,119,11,24,90,51
0,77,29,0,0,0,28,15,0,0,57,36,107,136,53,43,38,89,121,2,32,6,104,81,6,132,133,61,88,18,43,59,77,55,4
1,66,19,0,0,0,32,11,0,1,99,121,149,106,23,42,68,31,149,2,22,4,150,80,3,33,147,61,66,51,35,47,9,107,16
0,48,17,0,0,0,66,49,0,0,39,25,17,36,32,12,24,53,53,3,16,4,27,176,18,84,158,30,15,36,28,141,8,96,25
0,18,37,0,0,0,23,60,0,0,61,30,49,18,19,85,110,14,131,3,6,4,41,39,8,112,15,68,75,35,94,86,60,75,50
0,97,10,0,0,0,42,25,0,0,86,92,52,8,2,42,54,21,22,3,13,12,99,157,1,5,101,39,49,37,31,27,69,50,31
0,84,19,0,0,0,42,29,0,1,30,7,170,135,40,87,28,65,154,7,34,5,114,144,16,35,152,76,64,20,101,103,65,94,47
0,10,57,0,0,0,24,6,0,0,44,83,104,60,17,129,112,86,72,1,71,5,103,182,16,83,55,5,33,22,145,85,37,49,44
0,47,11,0,0,0,65,32,0,0,104,12,42,124,10,79,92,42,129,6,35,1,86,27,3,88,49,38,42,33,42,18,31,36,38
0,99,17,0,1,0,45,38,0,0,26,112,42,89,38,85,78,35,31,7,54,4,132,159,10,75,10,62,12,41,153,35,48,14,1
0,94,44,0,0,0,7,19,0,0,5,7,84,140,23,94,97,53,81,3,59,4,138,17,13,75,111,71,54,13,48,158,73,34,7
0,52,39,0,0,0,88,3,0,0,67,68,10,42,58,88,45,50,130,1,11,1,154,49,3,81,115,86,110,23,127,49,81,74,13
0,88,44,0,0,0,100,27,0,0,19,97,68,116,62,33,37,30,63,10,55,7,107,84,2,57,47,13,16,29,52,104,89,8,25
0,6,15,0,0,0,46,25,0,0,53,29,162,89,33,125,105,75,27,3,14,6,93,109,18,70,68,29,26,15,52,59,26,115,18
0,63,25,0,0,0,73,22,0,0,96,84,73,47,31,106,58,85,94,9,9,7,70,125,6,30,154,27,106,35,134,170,11,72,17
1,74,30,0,0,0,55,29,0,0,113,70,22,90,48,23,74,47,51,9,42,12,138,130,11,43,74,43,59,21,44,137,46,39,15
0,76,45,1,1,0,75,9,0,0,30,45,166,13,42,18,128,21,130,1,33,1,94,116,2,39,111,6,86,51,40,66,12,101,41
0,32,54,0,0,0,59,37,0,0,76,34,161,149,33,107,79,51,41,0,25,11,112,34,2,118,72,19,28,39,101,18,21,142,34
0,67,60,1,0,0,21,30,0,0,97,52,60,40,8,9,47,35,82,4,59,7,43,141,28,84,131,10,53,46,60,89,96,84,15
0,84,68,0,0,0,5,43,0,0,41,64,180,14,25,88,34,55,145,5,62,12,109,170,21,84,21,7,16,21,149,42,58,17,33
0,63,16,0,0,0,17,37,0,0,42,24,135,35,12,32,10,84,70,4,8,4,27,53,16,98,129,27,64,34,148,145,94,54,18
0,11,35,0,0,0,91,14,0,0,44,36,60,102,78,78,18,22,21,12,65,5,174,6,10,81,22,56,75,19,13,105,41,91,34
1,50,8,0,0,0,41,31,0,0,49,110,14,145,65,12,92,70,13,2,15,4,86,105,25,77,51,47,70,48,99,9,95,81,67
0,57,51,0,0,0,33,68,0,0,70,45,77,87,18,32,54,75,136,4,16,13,107,106,27,83,130,9,44,44,48,133,31,62,8
0,19,35,0,0,1,104,45,0,0,83,83,176,147,44,86,116,54,138,7,22,0,67,163,5,118,51,29,59,16,106,140,28,46,17
0,15,18,0,0,0,79,19,0,0,62,33,9,120,19,50,64,17,82,2,56,3,157,50,6,80,12,12,93,28,81,56,28,57,52
0,79,67,0,0,0,30,58,0,0,94,103,40,52,2,42,126,68,22,5,53,13,112,69,19,74,66,53,87,34,20,127,93,110,64
1,16,6,1,0,0,88,7,0,0,75,52,20,93,58,23,130,86,41,1,89,9,11,157,7,46,69,78,59,28,140,45,88,55,29
0,31,14,0,0,0,58,35,0,0,52,22,75,48,34,119,117,60,37,5,49,7,11,82,24,42,99,17,60,16,162,38,30,146,29
0,31,23,0,1,0,32,10,0,0,39,51,123,71,44,70,35,49,88,0,9,9,155,93,10,86,104,48,68,34,77,107,106,11,48
0,8,19,1,0,0,55,55,0,0,105,60,14,52,25,111,32,19,144,2,72,0,129,113,17,106,15,61,34,2,75,91,67,63,50
0,18,30,0,0,0,51,52,0,0,47,14,106,52,52,16,67,41,14,6,35,9,47,156,23,21,139,5,98,18,158,66,85,126,60
0,20,72,0,1,0,65,31,0,0,17,107,93,59,29,73,135,32,8,0,49,9,108,86,13,109,50,14,95,44,153,95,59,92,13
0,5,16,0,0,0,37,39,0,0,11,94,41,152,62,44,93,28,147,3,70,9,79,34,20,127,129,77,8,35,17,89,68,99,10
0,24,48,0,0,0,52,63,0,0,61,14,144,131,10,115,88,13,144,6,21,14,100,24,7,26,59,22,65,12,66,85,31,150,6
0,48,36,0,0,0,41,24,0,0,56,14,18,128,17,127,30,39,92,7,94,2,166,14,6,10,122,7,22,20,31,82,48,84,36
0,54,57,0,0,0,59,50,0,0,56,40,34,40,32,119,22,42,86,0,86,10,58,124,6,83,85,34,54,6,136,28,20,26,49
0,41,29,0,0,0,16,42,0,0,48,112,107,75,50,19,24,6,96,4,20,4,100,26,14,11,12,48,57,5,167,166,32,151,42
0,89,23,0,0,1,20,34,0,0,20,17,172,62,77,103,77,85,67,3,71,1,93,122,11,85,87,19,91,34,65,150,85,127,62
0,68,12,0,0,0,90,15,0,0,94,52,106,56,68,54,92,46,111,0,69,7,50,33,24,88,57,56,38,15,120,15,104,152,53
0,51,30,0,0,0,54,41,0,0,64,88,17,12,64,92,74,65,128,1,51,11,59,100,20,87,48,101,18,37,25,126,46,71,49
0,62,27,0,0,0,30,55,0,0,82,64,176,13,5,105,67,38,108,4,36,5,34,90,12,95,88,57,45,38,61,121,8,68,33
0,49,47,0,0,0,61,69,0,0,92,51,78,74,39,91,43,55,49,6,66,3,168,141,9,30,82,88,17,22,105,39,99,19,31
1,70,14,0,0,0,33,42,0,0,96,23,98,45,38,41,9,11,54,0,59,3,137,64,4,92,159,20,28,16,90,35,107,35,57
0,17,7,0,0,0,77,68,0,0,73,34,46,53,33,49,103,33,19,1,85,4,15,75,18,35,136,71,119,10,163,28,39,32,60
0,63,48,1,0,0,35,32,0,0,43,78,85,13,29,71,33,57,109,4,105,2,132,161,21,19,151,43,76,49,92,147,76,61,10
0,57,33,0,0,0,25,30,0,0,84,35,56,28,47,51,76,36,67,5,53,9,109,28,15,29,128,12,49,44,151,152,79,80,5
0,24,66,0,0,0,47,54,0,0,94,24,87,152,55,52,62,30,111,5,110,11,40,156,9,89,126,22,42,22,57,43,42,111,47
0,74,57,0,0,0,7,18,0,0,46,111,46,53,9,124,31,67,112,6,101,9,139,53,3,32,26,66,126,11,114,40,10,7,4
0,11,55,0,0,0,56,28,0,0,35,65,81,24,17,14,8,19,31,0,35,3,108,133,17,35,68,99,11,14,9,118,67,109,15
0,75,41,0,0,0,19,59,0,0,48,98,102,37,65,86,58,27,54,5,91,2,81,67,2,89,75,25,80,36,108,93,87,17,34
0,58,62,0,0,0,40,36,0,0,21,59,135,116,24,97,108,42,50,3,24,2,132,44,21,98,20,46,104,49,32,88,85,73,18
0,69,55,1,0,0,31,9,0,0,24,72,156,44,30,36,33,10,44,6,28,3,155,31,2,135,146,72,21,52,110,105,16,106,34
0,9,14,0,0,0,8,12,0,0,72,91,118,42,55,109,44,40,142,5,59,9,9,182,15,58,26,109,77,37,107,150,40,17,62
0,37,44,0,0,0,30,35,0,0,89,70,83,76,3,54,113,61,64,0,87,5,59,144,13,36,124,28,76,42,104,108,20,78,31
0,47,86,0,0,0,51,81,0,1,35,35,23,90,7,99,96,8,81,5,101,5,65,87,5,74,165,75,109,8,52,46,38,67,14
0,67,7,0,1,0,8,41,0,0,56,38,74,25,54,15,65,47,8,3,112,3,64,37,28,72,131,21,42,42,97,106,90,35,10
0,51,37,0,0,0,32,51,0,0,18,59,178,21,78,141,43,39,79,5,115,10,21,10,13,23,98,37,100,42,84,44,23,34,29
1,73,5,0,0,0,46,13,0,0,67,71,101,35,35,61,89,67,68,7,36,0,16,54,31,145,13,94,56,13,142,44,26,119,20
0,35,74,0,0,0,32,5,0,0,23,100,91,10,58,54,108,73,76,6,35,7,116,162,30,129,82,50,82,33,35,21,102,58,65
0,12,6,0,0,0,40,14,0,0,44,49,50,47,50,90,85,42,129,1,71,9,46,78,13,53,69,75,44,16,164,124,14,12,72
0,62,17,0,0,0,60,32,0,0,76,6,100,81,88,8,104,21,104,9,37,10,112,28,22,57,165,24,110,32,94,124,92,17,8
0,45,14,0,0,0,47,23,0,0,57,77,175,33,13,48,19,40,139,3,89,8,16,167,14,64,124,53,71,37,86,93,108,39,30
0,67,75,0,0,0,83,58,0,0,72,47,120,117,69,98,115,56,95,2,110,9,152,47,9,106,45,34,81,10,77,25,50,81,48
0,39,71,0,0,0,3,65,0,0,26,77,165,141,86,27,18,57,14,7,65,13,107,26,9,35,58,105,82,20,76,80,26,25,42
0,7,50,0,0,0,65,67,0,0,57,12,112,93,76,102,2,54,144,3,57,2,94,45,12,85,168,84,98,51,125,70,39,49,30
0,63,15,0,0,0,52,30,0,0,52,37,180,69,19,67,67,21,63,0,86,1,176,88,19,94,31,75,114,34,33,131,74,16,22
0,67,83,0,0,0,40,42,0,0,84,88,135,69,7,111,96,21,56,3,100,11,124,44,22,66,19,39,119,32,25,41,65,57,66
0,29,33,0,0,0,64,59,0,0,38,79,78,58,97,113,78,27,93,2,43,10,40,140,8,117,158,66,22,45,11,138,51,28,10
0,28,28,0,0,0,64,55,0,0,89,7,25,122,32,106,71,12,118,4,94,5,161,12,11,83,42,44,83,43,79,156,10,17,38
0,38,68,0,0,0,17,21,0,0,97,85,183,131,58,83,80,30,44,5,42,1,142,88,21,38,96,106,72,52,150,78,70,47,55
0,26,36,0,0,0,46,17,1,0,83,102,57,135,17,28,105,37,62,2,17,12,102,100,17,72,59,110,29,56,75,102,58,119,3
0,2,20,0,0,0,70,74,1,0,45,72,106,82,80,113,63,16,14,4,51,6,137,135,25,23,25,64,37,22,71,152,98,93,54
0,7,53,0,0,0,28,14,0,0,87,84,120,87,80,26,89,9,74,2,34,6,47,19,12,73,19,68,41,27,146,11,88,68,17
0,59,39,0,0,0,51,51,0,1,11,32,125,166,19,148,25,40,30,0,77,9,180,20,15,52,54,48,50,18,159,170,102,95,73
0,52,48,0,0,0,25,36,0,0,26,45,26,118,44,43,43,4,122,5,35,7,41,158,2,50,87,28,25,46,22,45,66,34,53
0,15,16,0,0,0,29,59,0,0,62,83,122,107,31,24,35,18,73,8,59,7,133,119,8,105,100,22,50,31,83,147,92,66,66
0,14,17,0,0,0,63,5,0,0,87,93,170,63,32,133,69,55,9,1,64,4,28,127,16,137,53,120,43,10,25,54,34,145,63
0,56,66,0,1,0,52,38,0,0,48,60,100,125,58,93,92,24,36,2,57,1,109,35,37,139,146,87,80,4,111,49,9,131,58
0,39,82,0,0,0,32,35,0,0,9,53,18,16,92,89,79,22,114,2,61,9,159,119,8,29,35,118,45,53,163,36,79,125,49
0,38,33,0,0,0,8,74,0,0,83,7,25,55,75,43,31,55,65,3,56,11,53,129,29,31,51,41,12,21,137,69,46,22,60
0,24,31,0,0,0,9,54,0,0,34,52,46,16,38,124,37,61,34,1,71,11,151,15,12,27,160,10,101,30,83,56,97,96,85
0,15,77,0,0,0,15,18,0,0,53,13,128,41,71,38,74,35,86,1,113,9,47,82,31,91,40,96,70,20,14,28,46,43,78
0,24,78,0,0,0,33,18,0,0,71,35,21,23,57,131,7,29,92,4,43,4,50,26,32,107,90,80,133,36,64,89,117,12,34
0,41,41,0,0,0,35,92,0,0,10,44,160,128,108,122,60,61,62,3,125,5,120,36,16,80,11,106,130,18,81,98,75,18,47
0,29,38,0,0,0,21,61,0,0,70,26,189,142,19,70,48,15,39,1,73,13,82,116,17,11,99,87,92,34,41,143,63,80,18
0,10,65,0,0,0,10,87,0,0,82,11,157,157,103,17,59,25,135,8,98,17,103,138,20,38,106,31,21,13,25,16,87,24,11
0,27,77,0,0,0,28,93,0,0,78,24,43,18,95,120,13,5,20,5,8,8,22,147,14,62,78,66,75,27,159,51,34,131,38
0,35,22,0,0,0,23,44,0,0,67,46,109,106,90,53,54,25,133,4,93,5,47,101,18,79,162,71,26,38,98,33,92,27,58
0,13,72,0,0,0,32,65,0,0,40,78,130,56,23,77,92,12,32,3,88,2,130,34,28,112,87,111,110,41,51,63,59,76,41
0,5,69,0,0,0,37,57,0,0,77,54,177,105,5,111,66,40,22,9,48,8,71,29,5,32,109,122,95,16,77,48,19,72,67
0,30,53,0,0,1,40,13,0,0,43,28,51,137,98,53,52,42,104,4,37,19,90,65,14,22,94,117,59,29,97,123,26,39,38
0,53,60,0,0,0,2,92,0,0,25,24,166,26,41,128,14,53,113,9,26,7,102,30,17,113,113,97,24,4,116,73,13,44,3
0,2,74,0,0,0,9,3,0,0,66,56,137,171,34,139,77,34,57,2,75,1,58,81,8,101,65,107,38,7,58,24,62,123,76
0,30,83,0,0,0,32,18,0,1,57,46,86,148,32,34,22,21,79,11,67,5,31,123,24,60,85,91,37,47,105,56,85,59,60
0,14,108,0,0,0,35,57,0,0,10,84,92,29,60,49,30,47,100,2,35,2,142,16,0,84,83,76,11,25,124,26,78,28,89
1,15,67,0,0,0,13,77,0,0,50,57,150,156,111,20,42,50,33,1,87,3,23,52,33,76,17,75,9,20,108,163,54,23,85
0,44,70,1,0,0,49,93,0,0,46,12,84,127,43,90,32,10,5,9,42,1,18,114,3,87,125,111,145,44,40,11,12,29,88
0,22,64,0,0,0,42,62,0,0,58,31,184,38,113,46,62,61,65,8,27,2,126,61,25,113,149,8,124,21,57,19,82,19,76
0,40,21,0,0,0,10,60,0,0,30,26,149,161,101,90,18,18,72,8,42,4,83,79,32,131,23,78,37,39,137,63,63,120,61
0,49,21,0,0,0,33,107,0,0,78,12,63,52,50,110,49,43,16,6,8,1,90,79,22,123,37,48,138,16,118,107,19,57,28
0,48,84,0,0,0,43,87,0,0,22,25,120,53,17,81,71,4,25,5,60,12,44,53,4,36,27,57,106,6,147,47,83,65,50
0,47,26,0,0,0,4,13,0,0,52,75,188,109,102,87,67,25,114,11,92,1,64,47,10,109,59,30,10,32,68,110,82,131,14
0,35,75,0,0,0,8,72,0,0,55,63,94,162,27,109,21,58,137,0,61,3,134,105,34,97,80,81,96,27,44,12,31,65,8
0,33,49,0,1,0,3,26,0,0,13,29,117,40,96,113,34,52,44,0,37,0,55,143,9,28,169,87,88,5,132,106,35,65,27
0,11,80,0,0,0,23,25,0,1,46,62,71,82,12,30,36,62,37,0,17,5,87,98,37,152,123,66,110,49,25,30,35,56,17
0,2,24,0,0,0,7,36,0,0,13,48,157,111,80,74,49,37,86,8,93,11,139,157,12,126,74,122,112,8,101,80,62,114,88
0,31,110,0,0,0,16,78,0,0,79,54,70,28,20,47,26,52,139,10,49,7,87,128,31,77,73,39,146,6,94,92,82,113,25
0,31,12,0,0,0,40,110,0,0,29,23,97,134,14,93,8,51,116,2,117,6,168,166,31,24,120,132,127,26,174,142,84,43,54
1,14,20,0,0,0,33,93,0,0,21,11,13,169,37,31,34,14,54,4,99,10,67,154,14,65,26,61,87,56,124,21,62,27,38
0,7,48,0,0,1,28,97,0,0,8,54,66,18,91,77,18,5,111,4,89,8,95,60,30,108,43,71,139,16,85,155,58,105,20
0,23,24,0,0,0,19,29,0,0,17,18,151,77,16,133,31,19,133,8,18,18,138,145,31,59,61,90,155,33,88,33,22,49,42
0,22,108,0,0,0,11,85,0,0,75,64,14,31,14,134,7,38,29,3,59,9,143,46,10,36,83,115,97,11,163,89,120,17,101
0,13,85,0,0,0,21,21,0,0,58,19,37,145,72,37,59,29,9,6,14,16,40,26,30,145,77,104,103,54,41,13,57,61,40
0,17,112,0,0,0,5,74,0,0,8,57,90,136,26,62,3,39,50,8,163,2,21,58,32,65,37,113,166,30,42,167,85,42,97
0,14,46,0,0,0,14,47,0,0,25,18,136,99,110,24,18,48,107,0,145,1,20,111,8,69,36,111,79,66,97,167,114,9,78
0,4,6,1,0,0,5,145,0,0,41,51,56,28,81,45,14,3,129,8,147,11,174,80,24,116,160,96,79,29,44,137,56,23,9
0,0,60,0,0,0,0,74,0,0,78,23,37,121,167,135,41,5,59,5,137,6,41,58,5,55,17,72,54,16,20,126,122,102,95
0,0,40,0,0,0,0,61,0,0,28,66,142,73,62,130,34,24,48,10,85,6,42,79,51,127,136,80,171,37,153,163,109,67,100
0,0,75,0,0,0,0,17,0,0,20,5,144,96,59,131,17,15,33,2,128,17,166,122,33,89,71,35,64,28,115,88,18,30,8
0,0,76,0,0,0,0,20,0,0,54,50,111,120,155,48,29,26,87,7,188,7,14,116,16,80,47,56,110,35,12,13,30,70,118
0,0,91,0,0,1,0,61,1,0,33,10,20,121,15,134,3,31,91,5,147,8,157,122,22,188,80,11,134,48,69,110,48,60,76
0,0,68,0,0,0,0,126,0,0,47,43,100,170,143,87,16,20,119,1,94,2,131,28,46,181,64,171,184,61,51,13,19,15,28
0,0,121,0,0,0,1,43,0,0,43,5,54,142,152,40,27,47,107,3,87,2,124,107,29,116,35,127,77,33,173,140,46,73,68
0,0,76,0,0,0,0,104,0,0,70,65,151,25,18,137,12,22,91,2,116,6,26,118,53,118,68,67,148,44,106,103,92,62,64
0,0,77,0,0,1,0,149,0,0,9,17,50,187,164,102,18,24,92,10,170,9,34,62,23,16,88,151,134,44,62,141,54,91,101
0,1,123,0,0,0,0,63,0,0,73,60,187,139,138,68,3,22,57,5,123,4,66,160,49,128,159,38,39,54,117,182,127,99,32
0,2,76,0,0,0,0,24,0,0,10,54,72,32,143,113,19,23,57,1,51,9,183,76,16,45,144,163,115,14,175,42,11,75,85
0,0,63,0,0,1,0,142,0,1,40,68,53,141,75,108,15,34,33,9,131,8,79,144,16,48,167,21,148,31,76,44,48,20,114
0,1,130,0,1,0,1,105,0,0,7,69,103,38,27,86,34,11,6,7,184,10,85,16,6,64,105,61,96,17,9,40,108,104,97
0,0,12,1,0,0,0,28,0,0,37,5,101,61,75,154,35,34,89,4,128,12,78,20,7,96,133,76,145,60,79,102,34,84,110
0,0,49,0,0,0,1,71,0,0,7,7,107,156,148,41,5,8,101,11,150,7,183,162,27,187,162,145,74,44,13,136,37,71,96
0,0,67,0,0,0,0,119,0,0,56,7,177,194,88,86,17,17,93,4,147,1,76,152,36,19,58,83,169,55,112,110,121,48,89
0,0,48,0,0,0,0,141,0,0,4,47,191,22,69,54,20,35,107,6,116,14,73,77,7,152,30,137,53,8,89,113,125,13,59
0,0,24,0,0,0,0,114,0,0,70,7,139,89,88,57,12,45,32,0,132,1,70,13,21,46,163,160,180,9,126,36,119,65,85
0,0,44,0,0,0,0,77,0,0,59,44,173,54,145,28,37,22,17,3,61,6,127,37,18,21,167,160,72,29,160,22,32,26,106
0,0,96,0,0,0,0,100,0,0,48,18,160,111,40,59,34,8,99,7,68,16,146,71,44,107,95,184,93,23,82,148,98,7,77
0,0,71,0,0,0,0,40,0,0,23,23,33,11,173,124,25,7,111,9,33,11,114,12,34,175,61,136,32,22,61,97,107,59,102
0,0,102,0,0,0,0,82,0,0,59,52,32,139,12,114,13,24,80,4,47,17,39,44,49,135,114,71,192,28,103,149,85,10,57
0,0,76,0,0,0,0,33,0,0,34,43,141,25,73,20,34,45,93,1,123,11,49,94,33,158,95,54,44,47,79,64,20,15,28
0,0,143,0,0,0,0,53,0,0,13,16,166,21,16,88,29,17,121,1,45,19,80,89,29,106,102,58,121,52,82,26,39,14,95
0,0,30,0,0,1,0,151,0,0,56,39,28,77,156,46,13,17,29,5,179,21,42,27,7,178,157,28,84,13,102,66,117,8,98
2,0,128,0,0,0,0,106,0,1,26,48,119,67,152,139,16,23,94,5,98,6,30,114,8,36,99,41,33,36,22,149,112,62,125
1,0,66,0,0,0,0,30,0,0,79,58,17,188,49,24,24,11,115,5,106,14,91,87,38,120,100,110,62,36,24,103,116,31,49
0,0,62,0,0,0,0,70,0,1,48,39,118,35,64,61,31,7,20,2,184,0,50,92,49,72,134,129,48,12,90,45,130,105,18
0,0,153,0,0,0,0,19,0,0,20,60,13,14,21,38,19,17,56,3,89,10,11,94,7,72,106,28,125,58,152,69,72,29,84
0,0,81,0,0,0,1,60,0,2,34,50,13,146,163,122,28,40,76,10,52,10,24,43,23,129,128,143,178,54,71,113,38,8,45
0,0,77,1,0,0,0,117,0,0,55,4,129,132,141,106,8,39,68,6,20,1,67,89,40,135,78,104,21,48,147,25,33,27,87
0,0,84,0,0,0,0,63,0,0,29,46,46,182,147,135,43,30,20,6,156,17,60,66,59,176,161,29,117,35,99,110,57,18,84
0,0,121,0,0,0,0,122,0,0,52,18,164,176,165,14,7,9,76,3,77,5,95,156,38,65,46,71,39,37,27,95,89,72,28
0,0,12,0,1,0,0,113,0,0,55,14,31,64,87,50,9,14,102,2,20,11,53,76,15,107,44,30,38,19,81,52,56,86,15
1,0,67,0,0,0,1,123,0,0,47,38,16,74,139,23,35,44,56,6,84,13,131,59,24,168,90,9,133,22,96,134,106,86,100
1,0,23,0,0,0,0,43,0,0,16,32,20,192,76,99,23,2,62,7,72,8,119,51,22,91,40,179,102,17,90,89,40,52,38
0,0,80,1,0,0,0,137,0,0,23,12,118,58,129,93,33,36,83,5,86,3,146,128,24,125,142,67,142,54,88,189,16,15,112
0,1,62,1,0,0,0,49,0,0,33,56,67,18,165,16,32,34,101,2,43,7,122,36,47,77,125,150,115,46,11,174,122,14,35
0,0,55,0,0,0,0,108,0,0,6,44,57,170,97,122,43,14,79,7,31,6,125,100,17,112,125,30,151,52,23,140,16,20,80
0,0,94,0,0,0,0,33,0,0,16,35,59,79,63,28,27,9,106,3,138,5,64,33,18,115,24,68,61,44,45,38,46,83,36
0,0,136,0,0,0,0,102,0,0,30,31,151,137,67,44,24,19,65,4,83,11,47,87,44,115,42,112,83,44,46,24,49,22,110
0,0,155,0,0,0,0,57,0,0,7,34,114,129,100,114,12,7,61,8,47,4,98,9,30,10,147,15,92,64,140,178,118,30,54
0,0,19,0,0,0,0,23,0,0,55,40,116,134,22,33,6,15,82,2,123,1,119,32,41,29,52,175,20,48,168,139,127,27,109
0,0,14,1,0,0,1,102,0,0,23,36,117,37,12,85,34,12,54,1,103,1,168,155,15,26,118,50,139,25,159,117,21,33,100
0,0,17,0,0,0,0,46,0,1,59,22,122,67,19,18,25,10,100,3,184,4,186,76,31,117,47,131,78,43,116,125,63,12,55
0,0,91,0,0,0,0,95,0,0,15,52,139,118,106,84,13,15,60,7,126,12,92,125,8,57,72,39,139,25,72,120,33,43,117
0,0,35,0,0,0,0,121,1,0,1,46,57,175,21,57,41,3,77,8,134,22,127,106,44,125,36,113,49,41,165,129,48,96,88
1,0,54,0,0,0,0,123,0,0,23,45,118,120,165,141,9,12,18,2,182,19,189,61,46,92,130,103,138,16,167,164,10,93,104
1,0,138,0,0,0,0,73,0,0,46,30,180,170,30,115,17,8,45,3,146,14,179,168,53,124,138,144,53,22,167,39,127,64,38
0,0,69,0,0,0,0,121,0,0,37,40,156,143,129,129,35,27,27,7,86,8,77,56,4,187,68,69,81,21,55,134,7,66,12
0,1,85,0,0,0,0,101,0,0,42,28,75,96,26,140,23,12,69,4,171,9,107,54,25,150,92,27,121,15,13,144,133,33,98
0,1,87,0,0,1,0,119,0,0,46,14,150,91,72,122,31,33,71,1,47,16,148,115,13,158,109,24,79,34,79,57,74,22,22
0,0,67,0,0,0,0,134,0,0,16,5,85,191,117,101,25,16,13,5,151,11,87,86,11,59,133,166,200,40,18,28,85,64,34
0,0,69,0,0,0,1,122,0,0,33,29,31,89,121,34,20,26,63,0,156,9,161,129,11,120,75,129,19,38,105,151,104,62,7
0,0,148,0,0,0,0,28,0,0,33,41,68,101,109,58,30,13,13,3,154,13,41,156,39,119,53,79,36,26,11,27,132,16,92
0,0,116,0,0,1,0,100,0,0,25,35,26,43,68,44,24,21,53,3,129,10,152,114,33,64,88,148,153,33,162,99,76,51,53
0,0,157,0,0,0,0,20,0,0,46,61,104,169,136,116,12,32,37,3,123,4,188,139,45,96,165,153,86,49,70,135,69,93,82
0,0,22,0,0,0,0,50,0,0,85,40,39,129,167,143,24,27,97,4,147,8,39,107,26,11,159,87,156,47,18,155,61,79,26
1,0,136,0,0,0,0,19,0,0,49,5,56,87,39,103,32,8,88,5,147,11,170,10,21,119,24,149,51,35,142,47,38,99,68
0,0,19,0,0,0,0,85,0,0,70,61,178,140,145,54,27,15,6,4,189,12,130,82,33,49,118,75,23,59,114,179,41,64,66
0,0,109,0,0,0,0,146,0,0,30,24,120,144,161,9,35,22,87,1,94,4,14,16,24,46,103,67,43,18,15,58,89,56,59
0,0,107,0,0,0,0,58,0,0,28,16,161,135,147,14,5,20,93,12,158,9,120,93,43,153,116,162,42,19,35,173,41,66,21
0,0,51,0,0,1,0,58,0,0,64,50,187,90,144,50,10,55,92,2,142,3,69,11,11,51,132,62,14,37,145,61,34,20,43
0,0,129,0,0,0,0,135,0,0,34,33,62,91,101,52,3,2,37,3,169,2,25,147,25,129,14,160,83,14,17,61,104,94,106
0,0,33,0,0,1,1,106,0,0,5,44,136,73,122,142,14,11,75,6,71,24,91,23,13,41,123,84,134,38,108,104,27,76,37
0,0,156,0,0,0,0,93,0,0,19,48,21,56,30,130,12,15,9,2,60,7,94,76,14,89,91,50,188,14,167,61,85,17,26
0,0,140,0,0,0,0,101,0,0,45,11,21,159,170,117,34,13,41,0,164,12,166,43,9,17,85,36,72,48,152,14,35,58,97
1,0,119,0,0,0,0,15,0,0,9,17,107,53,35,13,22,26,82,4,105,12,152,36,23,185,145,141,55,13,107,58,89,33,77
0,1,131,0,0,0,0,61,0,0,61,42,88,81,146,73,33,29,15,6,39,14,76,97,21,62,24,36,95,60,110,23,105,44,104
0,0,107,2,0,0,0,118,16,0,64,66,90,118,101,79,28,13,123,8,92,5,158,94,44,123,66,66,51,58,20,88,119,57,60
0,0,13,14,0,1,0,94,14,0,29,23,122,40,120,82,29,42,85,0,40,35,62,42,12,166,91,58,57,38,23,136,114,64,91
0,0,125,4,0,0,0,74,19,1,20,51,47,110,22,130,33,12,92,10,15,35,104,56,11,30,12,36,71,7,49,161,66,26,33
0,0,27,11,0,0,2,11,12,0,29,77,18,18,120,105,34,40,26,8,78,17,18,101,39,141,52,119,47,7,80,51,29,81,105
0,0,64,26,0,0,0,11,9,1,39,10,100,97,102,121,27,2,113,8,112,25,98,100,49,36,84,10,96,5,35,21,128,83,79
0,0,104,4,0,0,0,33,23,1,71,23,130,71,126,103,15,20,43,7,69,23,172,73,25,167,33,110,53,56,115,83,22,53,62
0,2,16,0,0,0,0,72,10,0,56,34,90,56,36,146,32,72,62,8,57,7,49,55,25,50,129,83,83,61,71,22,77,67,40
0,0,117,37,0,0,0,73,32,0,55,13,16,98,36,59,13,56,66,10,52,29,162,80,15,93,85,155,81,75,10,26,86,75,71
0,0,33,23,0,0,0,87,16,0,93,92,14,72,69,29,31,73,118,68,103,47,43,119,35,104,28,169,137,29,62,15,54,15,47
0,1,55,8,0,0,0,124,45,0,47,32,141,19,26,63,3,59,97,49,130,52,74,68,49,29,88,179,121,42,39,26,87,64,10
0,0,72,17,0,0,0,31,49,0,79,73,167,46,108,62,9,50,89,44,27,59,142,69,21,104,68,87,95,68,6,156,46,50,72
0,0,110,9,0,0,0,87,34,0,34,46,114,115,55,121,20,86,100,53,48,31,36,73,7,82,26,168,14,28,91,134,89,89,38
0,0,26,32,0,0,1,85,32,0,44,26,24,107,37,117,24,30,115,44,63,49,186,64,1,63,14,39,57,69,83,83,114,77,27
0,0,69,30,0,0,0,11,11,0,101,51,134,22,18,22,3,54,69,58,141,65,17,13,8,77,103,61,15,20,84,152,79,70,60
0,0,63,28,0,0,0,52,32,0,58,63,50,126,24,91,8,65,117,11,74,70,31,12,18,28,45,165,84,36,82,168,117,74,91
0,0,118,26,0,0,0,74,30,0,7,46,79,48,42,127,29,29,29,52,117,13,31,15,28,46,21,89,65,35,69,150,37,37,65
0,0,86,49,0,0,0,72,8,0,88,49,133,35,27,9,16,29,99,38,65,5,162,71,35,28,8,175,89,43,88,74,44,63,91
0,0,77,12,0,0,0,24,7,1,45,20,127,132,38,62,18,42,83,57,11,68,86,31,11,104,86,180,114,21,109,164,114,46,49
0,0,37,28,0,0,0,87,12,0,11,80,31,38,109,106,5,18,31,74,40,4,46,56,25,116,101,88,31,11,53,26,106,74,16
0,0,47,38,0,1,0,41,33,0,50,85,197,91,62,71,10,44,41,52,122,70,186,80,33,16,110,10,48,53,80,20,91,14,28
0,0,78,43,0,0,0,94,46,0,95,76,44,117,57,27,4,29,106,21,9,41,182,80,41,150,23,124,36,35,26,95,105,78,40
0,0,71,32,0,0,0,31,35,0,19,65,81,42,9,44,5,57,129,32,82,15,49,14,30,67,34,114,12,29,61,32,88,38,92
0,0,70,52,0,0,0,61,46,0,23,30,184,25,53,66,16,6,65,10,13,28,10,54,23,44,68,134,96,20,39,34,55,37,88
0,0,62,4,0,0,0,72,54,0,58,47,127,157,22,130,19,100,98,77,60,50,12,110,10,84,68,179,41,57,46,44,95,66,34
0,0,33,53,0,0,0,39,19,0,44,24,186,37,34,50,7,21,29,46,94,36,97,61,9,68,56,114,80,99,119,38,133,11,68
0,0,88,25,0,0,0,83,49,0,67,67,141,83,111,64,17,76,105,16,49,47,33,57,2,164,98,188,15,60,14,16,90,22,29
0,0,107,12,0,0,0,106,33,0,21,72,143,49,63,55,11,24,79,22,55,45,66,43,9,96,28,92,88,12,44,181,78,73,105
0,0,95,47,0,0,0,3,57,0,45,29,126,141,24,104,4,54,65,46,52,68,155,21,8,91,87,47,86,79,18,41,9,13,75
0,0,102,29,0,0,0,88,16,0,65,93,183,145,84,24,24,79,13,61,95,19,33,90,35,134,89,69,98,21,25,130,17,60,46
0,0,75,28,0,0,0,76,9,0,12,57,38,59,69,61,5,5,70,33,94,72,177,10,24,72,64,45,64,14,9,93,113,58,27
0,1,22,8,0,0,0,10,27,0,109,57,90,126,106,118,9,15,110,53,37,20,81,86,13,41,35,41,17,30,102,115,59,46,44
0,0,55,16,0,0,0,15,51,0,123,68,144,133,41,120,1,77,29,52,55,26,126,48,35,53,96,174,78,42,58,143,74,105,7
0,0,13,24,0,0,0,79,39,0,108,11,15,25,85,113,11,65,102,45,135,74,22,19,36,65,50,138,105,10,94,185,26,80,45
0,0,26,9,0,0,0,67,8,0,82,81,15,11,4,43,7,4,129,63,36,42,161,66,11,91,14,25,57,88,64,55,23,96,63
0,0,30,38,1,0,0,69,42,0,38,20,10,62,22,36,26,24,96,28,85,64,135,113,31,43,34,52,49,17,10,189,36,17,87
0,0,13,44,0,0,0,48,45,0,110,31,111,7,35,103,3,79,119,4,73,90,152,90,20,44,42,107,104,70,25,138,82,51,66
0,0,5,29,0,0,0,64,80,0,18,25,149,116,7,99,32,28,109,79,30,82,163,29,32,120,19,65,61,16,24,173,51,86,60
0,0,60,60,0,0,0,51,45,0,45,15,151,90,100,39,27,57,54,64,84,30,71,92,24,20,74,12,75,22,92,18,98,72,83
0,0,82,43,0,0,0,25,23,0,34,6,64,81,67,72,32,43,62,14,98,26,55,104,16,41,69,179,43,16,101,67,38,101,56
1,0,34,37,0,0,1,51,8,1,55,36,104,32,73,22,15,12,153,88,70,38,49,28,17,65,21,37,8,31,93,72,28,23,20
0,0,64,23,0,0,0,89,8,0,81,110,129,114,34,47,25,95,84,12,116,31,131,25,9,78,9,188,84,54,45,143,20,77,97
0,0,34,56,0,0,0,21,48,0,18,31,151,91,69,131,11,51,41,12,65,10,59,36,42,66,26,107,85,79,65,31,100,16,35
0,0,23,54,0,0,0,55,65,0,102,82,110,31,33,74,22,42,36,27,119,66,143,42,10,35,73,126,73,10,9,95,38,5,10
0,0,75,35,0,0,0,29,10,0,60,115,173,24,12,33,34,84,88,34,21,7,116,4,34,77,48,130,31,9,73,35,91,101,13
0,1,59,62,0,0,0,54,35,0,86,101,30,23,8,105,17,72,124,31,81,47,103,84,4,125,100,120,74,56,42,15,82,49,53
0,0,77,59,0,0,0,90,8,0,65,69,94,32,44,68,25,55,15,69,8,80,106,86,25,92,44,34,107,14,85,163,98,24,39
0,0,65,7,0,0,0,23,4,0,73,84,13,10,9,119,3,64,135,11,75,83,126,93,34,136,60,79,57,62,56,157,46,46,73
0,0,18,21,0,0,0,66,10,0,20,90,122,95,48,31,3,71,59,83,47,46,46,88,37,155,95,52,12,90,19,163,73,66,96
0,0,93,40,0,0,0,5,59,0,80,17,47,106,91,74,11,22,76,52,56,79,68,94,12,114,10,38,70,14,96,146,58,89,18
0,0,18,32,0,0,0,41,41,0,34,35,114,101,12,112,14,81,85,68,108,24,75,54,33,148,44,87,18,13,62,46,35,60,10
0,0,10,64,0,0,0,77,40,0,24,87,156,105,98,62,10,9,112,84,93,53,16,49,16,36,41,76,15,94,71,144,83,50,54
0,0,45,55,0,0,0,59,9,0,98,59,106,37,63,114,8,25,12,30,9,88,96,78,19,63,37,122,80,39,42,108,118,6,68
0,0,68,8,0,0,0,7,42,0,127,89,77,146,88,117,22,68,52,26,87,78,173,21,12,157,71,43,39,30,79,31,38,85,85
0,0,35,62,0,0,0,33,36,0,89,60,69,114,45,85,8,74,27,98,41,77,51,19,6,59,9,170,73,18,18,75,88,26,62
0,0,25,40,0,0,0,56,63,0,89,20,155,138,72,107,14,56,73,70,37,12,187,72,33,125,76,22,101,92,59,65,23,34,73
0,0,62,52,0,0,0,47,51,0,31,104,64,130,44,55,22,78,120,39,94,50,84,30,5,81,60,147,40,74,39,117,127,37,77
0,0,6,19,0,0,0,23,30,0,115,18,187,26,77,106,18,91,147,30,45,37,107,97,6,54,66,100,59,32,58,40,105,9,46
0,0,36,29,0,0,0,65,43,0,44,39,185,40,82,20,7,106,30,76,6,37,23,9,15,20,69,125,70,90,18,20,31,28,16
1,0,34,26,0,0,0,16,49,0,120,54,143,61,51,92,3,24,74,83,86,33,80,71,8,160,47,61,57,16,77,27,48,11,95
0,1,52,45,0,0,0,49,17,0,69,79,41,58,14,21,17,53,52,74,18,71,122,65,53,15,42,32,87,10,50,184,111,51,9
0,0,84,71,0,0,1,66,11,0,66,50,117,27,33,24,9,22,46,23,25,58,52,34,33,79,46,73,57,79,38,23,134,5,27
0,0,72,32,1,0,0,27,40,1,123,34,98,92,65,42,13,18,20,47,74,67,120,17,33,93,70,158,99,73,20,178,39,47,76
0,0,73,47,0,0,0,82,67,0,78,37,164,127,10,139,24,116,53,9,121,35,178,24,12,55,84,15,15,91,33,184,104,75,73
0,0,23,54,0,0,0,25,44,0,42,80,28,112,77,10,24,59,142,12,21,41,23,40,31,88,40,151,78,71,65,43,135,54,36
0,0,12,55,0,0,0,44,57,0,59,57,110,109,76,113,8,115,10,12,83,40,131,78,6,154,73,173,21,85,11,114,32,43,92
0,0,34,54,0,0,0,26,74,0,105,36,162,28,69,80,24,56,68,11,53,5,92,59,6,160,15,144,10,5,34,184,40,74,54
0,0,59,60,1,0,0,49,74,0,33,59,147,77,27,118,15,39,140,42,43,12,71,36,30,42,96,170,7,37,65,162,86,6,5
0,0,9,57,0,0,0,27,77,0,108,78,94,41,81,83,22,65,111,62,48,7,36,87,7,156,61,58,12,26,6,126,47,11,47
0,0,26,81,0,0,0,42,13,0,82,89,37,96,67,9,30,112,75,84,69,80,149,22,1,67,76,101,5,73,45,167,92,62,43
0,0,67,9,0,0,0,29,13,0,74,23,16,47,77,72,17,99,75,28,34,38,68,67,36,160,76,134,47,57,83,191,46,45,62
0,0,26,10,0,0,0,38,49,0,69,54,142,40,11,74,6,65,117,37,80,48,85,89,7,96,71,58,69,59,64,184,53,7,85
0,0,19,33,0,0,0,39,80,0,98,64,55,108,17,94,5,106,21,67,45,27,92,31,27,105,16,33,51,20,41,187,122,24,11
0,0,69,36,0,0,0,51,72,0,118,8,14,95,74,66,16,65,24,22,97,11,144,69,7,98,9,31,17,17,32,194,88,33,65
0,0,26,34,0,1,0,61,80,0,105,42,169,96,23,23,20,9,7,20,93,65,15,43,4,56,29,177,8,44,59,109,112,78,7
0,0,62,68,0,0,0,15,24,0,99,46,23,57,43,88,13,106,120,32,61,70,133,37,6,37,34,72,62,55,50,40,133,57,7
0,1,57,57,0,0,0,80,21,0,79,106,181,7,48,78,13,24,83,9,68,57,79,20,38,85,46,56,11,104,34,118,121,14,39
0,0,42,27,0,0,0,56,75,0,122,66,47,98,76,115,19,22,116,26,40,56,138,72,15,66,71,91,38,93,60,126,119,34,36
0,0,32,57,0,0,0,25,31,0,88,62,86,27,8,109,13,64,103,48,16,59,157,6,6,13,71,20,12,28,72,155,46,63,23
0,0,43,41,0,0,0,51,43,0,15,106,58,49,65,106,0,99,11,24,23,33,87,38,15,82,7,54,70,35,21,125,33,21,16
0,0,17,70,0,0,0,18,39,0,40,25,31,48,2,74,3,82,75,68,21,26,165,34,8,69,62,132,37,64,39,169,43,44,80
0,0,3,54,0,0,0,53,74,0,92,124,119,73,25,70,12,99,66,58,14,38,53,45,17,97,53,127,56,66,29,149,55,32,11
0,0,70,30,0,0,0,25,16,0,64,81,56,84,43,51,25,44,142,43,74,97,57,76,13,74,26,135,44,26,62,122,38,49,10
0,1,64,61,0,0,0,40,59,0,130,58,179,44,7,97,23,82,48,85,52,74,128,29,10,136,11,113,38,47,69,191,63,76,62
0,0,18,16,0,0,0,40,76,0,41,29,123,56,69,54,0,21,20,13,37,53,123,56,24,155,20,118,78,54,45,128,21,51,33
0,0,7,29,0,0,0,42,59,0,134,110,57,9,4,94,14,40,105,105,54,31,33,60,16,22,81,45,89,59,68,46,50,19,14
0,0,4,77,0,0,0,32,63,0,56,13,183,129,72,113,26,39,84,73,57,14,169,44,36,115,16,66,89,74,73,120,91,13,55
1,0,29,34,0,0,0,63,11,1,131,29,168,29,39,99,11,94,19,96,62,8,125,74,16,112,45,77,11,45,8,92,82,27,50
0,0,29,74,0,0,0,62,72,0,126,9,182,104,20,51,24,51,10,78,57,100,157,48,13,135,44,68,64,80,75,193,108,6,73
0,0,18,54,0,0,0,26,39,0,40,21,45,63,37,33,14,14,161,18,30,11,105,46,37,127,70,12,68,66,43,38,8,19,51
0,0,55,32,0,0,0,52,39,0,88,87,150,36,38,73,3,92,32,62,95,50,87,8,15,145,47,123,37,57,11,114,56,22,40
0,0,4,75,0,0,0,28,53,0,121,110,158,112,28,100,6,53,144,77,5,80,35,64,13,34,43,146,58,90,55,36,16,45,16
0,0,21,79,0,0,0,54,21,1,55,69,48,18,48,114,26,46,137,35,79,83,177,73,31,50,31,46,7,66,58,119,58,64,68
0,0,64,85,0,0,0,27,57,0,74,51,71,5,71,103,14,38,132,25,11,15,140,90,23,97,51,182,47,56,38,150,59,19,41
0,0,48,66,0,0,0,42,81,0,136,28,189,34,50,41,4,113,157,19,70,34,166,13,8,110,77,105,53,32,4,41,33,81,11
0,0,33,18,0,0,0,52,44,0,73,55,51,89,69,40,10,61,34,22,42,34,15,49,31,33,63,135,35,46,31,62,85,27,60
0,0,7,7,0,0,0,23,19,0,128,41,167,101,22,92,20,105,91,19,81,58,107,64,22,97,56,113,25,47,41,11,74,65,46
0,0,58,83,0,0,0,42,33,0,30,74,110,90,56,49,2,86,151,6,44,92,94,70,10,85,44,42,11,34,70,107,68,75,6
0,1,61,26,0,0,0,36,70,0,98,51,118,69,73,89,10,87,141,37,5,29,11,14,6,13,35,143,15,13,34,191,87,43,82
0,0,17,18,0,0,0,19,14,0,146,90,131,132,22,88,9,88,10,88,23,64,86,20,13,131,39,189,55,6,57,105,111,71,59
0,0,42,81,0,0,0,44,77,0,99,38,14,68,7,74,14,94,17,18,78,78,61,71,5,96,41,134,6,54,54,35,131,9,65
0,0,20,19,0,0,0,74,75,0,115,101,184,26,26,38,9,43,73,51,19,26,136,81,17,27,64,76,6,45,7,148,80,22,11
0,0,16,61,0,0,0,9,72,0,122,61,182,93,56,34,6,17,41,50,70,50,134,57,34,73,10,147,81,93,52,135,71,43,70
0,0,62,90,0,0,0,64,42,0,10,85,163,85,17,102,12,11,119,37,14,24,147,82,21,60,50,12,12,39,40,104,69,62,58
0,0,20,67,0,0,0,54,55,0,22,23,165,15,3,58,17,4,134,94,34,101,168,43,10,108,23,10,34,89,70,149,81,73,8
0,1,57,105,0,0,0,37,78,0,10,142,39,28,54,61,14,109,36,93,35,116,16,11,14,125,36,162,23,96,47,146,117,79,61
0,0,22,47,0,0,0,36,41,0,144,115,144,103,14,63,19,12,96,42,63,120,60,8,28,84,11,183,82,81,71,17,57,7,60
0,0,47,39,0,0,0,35,45,0,78,109,174,67,12,4,24,82,45,69,4,117,147,52,16,24,60,66,64,40,9,170,109,76,44
1,0,50,77,0,0,1,7,46,0,67,44,84,29,4,100,12,107,60,10,7,68,72,10,23,124,28,115,27,42,20,26,49,25,51
0,0,34,82,0,0,0,12,11,0,84,45,189,98,21,91,21,117,57,6,51,111,133,66,46,23,26,112,59,77,40,47,84,24,26
0,0,36,21,0,0,0,55,60,0,22,27,34,19,38,129,18,8,164,86,51,97,77,25,32,56,9,18,19,20,29,118,85,70,15
0,0,18,56,0,0,0,57,42,0,41,64,186,70,11,105,18,53,90,111,46,57,29,36,22,36,2,164,15,66,19,125,101,74,73
0,0,30,23,0,0,0,5,96,0,69,106,154,16,26,91,8,113,124,111,50,47,75,30,17,10,10,81,13,98,42,145,21,70,28
0,0,16,73,0,0,0,19,89,0,88,141,135,121,16,64,12,25,159,115,18,103,144,41,7,119,8,102,4,63,6,108,18,83,45
0,0,65,74,0,0,0,35,65,0,135,64,155,54,20,121,16,28,148,99,66,114,145,4,37,93,20,35,42,15,13,16,29,13,68
0,0,20,79,0,0,0,23,28,0,85,122,186,83,6,16,16,134,79,31,16,132,80,71,22,137,23,120,9,55,49,74,109,34,85
0,0,46,31,0,0,0,6,35,0,48,140,22,84,43,117,16,51,122,72,16,45,143,30,19,89,55,172,35,85,46,46,118,73,56
1,0,14,31,0,0,0,25,67,0,76,63,118,82,9,18,6,108,148,78,17,38,92,59,31,63,19,154,60,80,64,129,85,42,44
0,0,36,9,0,0,0,16,102,0,13,111,164,29,15,111,1,8,74,52,50,48,106,59,10,45,46,174,35,30,34,61,101,27,81
0,0,23,43,0,0,0,19,24,0,132,86,30,98,10,102,8,45,79,105,21,114,52,54,30,72,25,139,30,100,38,189,69,81,2
0,0,15,86,0,0,0,14,107,0,75,31,32,30,9,111,13,114,82,68,7,110,170,8,12,130,10,46,27,79,17,115,32,21,25
0,0,17,85,0,0,0,19,37,0,14,133,100,83,51,20,5,27,37,17,13,53,53,47,31,122,12,87,44,74,37,170,93,98,18
0,0,10,97,0,1,0,27,114,0,17,50,75,97,29,97,2,118,169,87,51,26,132,24,25,48,49,193,38,52,1,99,56,74,19
0,0,29,63,0,0,0,40,48,0,135,39,147,56,18,21,14,140,138,101,13,114,87,11,13,106,43,151,27,21,25,107,98,30,59
0,0,12,50,0,0,0,4,129,0,124,137,49,32,26,112,17,134,78,18,37,128,49,44,28,128,10,84,34,80,24,149,133,49,52
0,0,26,62,0,0,0,4,75,1,32,40,43,84,28,5,13,91,163,78,8,51,71,14,26,67,15,102,47,66,43,35,137,50,52
0,0,5,59,0,0,0,1,11,0,17,135,123,52,34,129,3,7,66,64,41,144,136,15,16,68,19,150,35,15,34,124,103,67,13
0,0,0,39,0,0,0,8,30,0,13,104,97,24,29,87,18,99,15,59,59,15,45,5,26,106,37,35,4,52,5,189,31,24,26
0,0,15,64,0,0,1,13,116,0,154,119,95,52,37,44,1,64,173,81,6,32,120,22,33,130,17,118,34,61,5,108,62,19,72
0,0,26,57,0,0,0,17,67,0,89,17,119,77,35,109,17,104,134,23,59,25,72,44,8,48,22,127,24,91,21,130,79,62,57
0,0,16,36,0,0,0,18,125,0,17,144,71,55,20,111,19,67,46,58,2,20,30,30,5,69,2,89,12,116,8,91,88,56,70
0,0,5,122,0,0,0,17,78,0,144,120,179,18,1,51,2,19,98,27,37,31,150,6,37,106,5,158,3,83,6,102,34,57,59
0,0,0,11,0,0,0,0,108,0,61,48,22,38,5,95,10,88,141,181,2,155,89,10,37,53,1,99,1,93,1,192,77,9,63
0,0,0,99,0,0,0,2,126,0,35,92,74,19,5,29,6,80,38,163,5,67,86,4,2,110,0,71,0,46,0,12,81,3,33
0,0,0,155,0,0,0,1,86,0,99,23,27,47,2,87,9,12,61,91,17,100,86,11,4,23,0,49,0,72,0,34,66,5,54
1,0,1,49,0,0,0,0,140,0,15,125,46,42,4,56,12,111,100,15,6,170,44,21,5,88,1,52,1,53,0,126,49,50,11
0,0,0,124,0,0,0,1,66,0,140,177,104,69,0,83,22,49,138,12,18,80,140,15,26,95,0,86,1,97,0,100,84,66,61
0,0,0,64,0,0,0,0,88,2,55,155,170,33,2,29,13,89,114,27,0,177,103,13,2,107,0,113,0,37,0,195,36,72,3
0,0,0,40,0,0,0,0,7,1,84,74,174,23,0,78,2,130,65,105,20,110,56,26,28,121,1,148,0,10,0,112,94,24,61
0,0,0,147,0,0,0,0,75,0,45,42,185,34,7,15,12,96,28,26,11,43,37,22,6,59,0,153,0,121,1,90,22,63,47
0,0,0,55,0,0,0,0,14,0,36,156,58,59,6,41,5,93,90,174,10,59,52,16,31,76,0,45,0,50,2,61,119,61,65
0,0,0,24,0,0,0,0,85,0,147,23,187,34,5,29,23,141,64,185,22,145,73,11,13,29,0,103,0,35,0,112,39,24,19
0,0,0,150,0,0,0,0,158,0,78,32,103,55,1,44,8,185,167,152,14,74,59,8,32,129,1,101,0,16,1,126,128,30,59
0,0,0,84,0,0,0,0,168,0,116,87,130,8,2,40,4,23,56,55,10,16,134,15,5,90,0,74,0,105,1,163,17,50,61
0,0,0,10,0,0,0,0,33,0,129,44,12,52,7,37,11,97,160,151,15,78,26,18,16,17,2,21,0,74,0,124,51,30,63
0,0,0,138,0,0,0,0,114,0,101,32,62,91,0,63,4,108,63,64,2,77,37,12,6,70,0,141,0,105,1,157,48,20,30
0,0,0,143,1,0,0,0,113,2,174,84,70,58,5,74,16,177,31,123,15,174,118,26,21,121,0,74,0,77,0,32,26,64,4
0,1,0,131,1,1,0,0,121,0,109,134,41,50,7,52,13,177,17,189,7,89,117,25,29,48,0,83,1,74,0,159,49,34,40
1,0,0,21,0,0,0,0,14,0,91,169,49,45,1,58,5,60,158,161,15,37,12,20,6,65,0,108,1,101,1,20,38,24,51
0,0,0,155,0,0,0,0,51,0,163,28,54,60,0,45,11,78,131,54,0,66,61,26,5,87,0,67,0,111,0,70,98,36,4
0,0,0,149,0,0,0,0,96,0,49,182,78,44,6,33,19,163,18,167,7,98,106,19,14,120,2,141,0,96,0,54,68,49,13
0,1,0,82,0,0,0,0,106,0,68,157,110,16,1,60,9,25,26,29,13,170,12,16,16,31,0,158,0,41,2,35,45,17,48
0,0,0,86,0,0,0,1,161,0,122,116,138,72,3,88,9,104,146,19,3,152,96,10,16,131,0,175,1,20,1,119,46,43,6
0,0,0,75,0,0,0,1,23,0,107,162,72,47,1,8,10,51,94,151,28,112,14,3,28,58,0,88,1,90,0,74,99,70,58
0,0,0,76,0,0,0,1,31,0,18,64,135,65,0,65,14,107,41,134,3,45,51,3,37,132,0,179,0,117,1,26,58,64,44
0,0,0,86,0,0,0,0,65,0,153,75,24,54,6,64,4,45,44,100,4,128,19,16,34,77,0,68,0,117,2,36,94,16,14
0,0,1,37,0,0,0,0,123,0,104,33,131,6,4,64,10,98,142,122,6,164,86,9,4,130,0,33,0,76,0,85,49,11,16
0,0,0,142,0,0,0,0,118,0,154,162,135,25,5,90,6,142,54,103,26,100,70,16,11,23,0,141,1,30,1,89,108,58,53
0,0,0,57,0,1,0,1,87,0,28,168,20,71,2,51,11,36,26,157,14,40,16,24,16,31,0,188,0,81,2,176,59,53,5
0,0,0,69,0,0,0,0,127,0,64,43,143,9,5,71,10,181,159,74,24,184,128,20,11,33,0,58,0,47,0,129,73,3,31
0,0,0,131,0,0,0,0,75,0,109,180,181,63,2,9,11,84,181,52,5,121,13,10,6,85,0,45,1,69,1,17,36,56,36
0,0,0,112,0,1,0,0,85,0,166,23,42,64,10,29,19,161,177,131,13,141,87,23,12,122,1,184,1,12,2,164,72,67,51
0,0,0,150,0,0,0,0,31,0,131,126,112,57,4,59,11,101,189,93,29,75,35,4,1,50,0,33,0,111,0,128,119,60,30
0,0,0,132,0,0,0,0,59,0,107,54,40,34,3,94,1,13,31,92,4,85,121,18,35,98,0,53,0,47,2,191,60,65,60
0,0,0,78,0,0,0,1,128,0,139,166,142,15,8,72,6,86,27,54,1,136,118,1,7,114,0,36,0,13,0,70,130,37,49
0,0,0,21,0,0,0,1,129,0,85,81,54,14,3,79,1,110,191,175,7,34,17,29,32,24,0,159,0,65,0,15,96,16,15
0,0,0,31,0,0,0,0,53,0,57,32,184,50,5,94,13,118,189,22,12,104,127,19,28,84,0,153,0,43,0,117,121,7,41
0,0,0,149,0,0,0,1,155,0,150,141,24,53,5,32,12,138,21,15,7,187,162,15,17,120,1,9,0,78,1,190,61,43,7
0,0,0,30,0,0,0,0,94,0,33,61,142,60,2,106,18,163,178,131,33,126,100,1,46,47,1,83,0,57,1,117,131,31,57
0,0,0,22,0,0,0,0,60,0,157,95,52,22,2,40,8,12,122,32,25,52,135,28,33,117,0,33,2,105,0,91,66,17,14
0,0,1,47,0,0,0,0,111,0,89,53,86,27,3,106,9,101,193,62,3,98,13,13,7,114,0,109,1,128,0,71,103,67,58
0,0,0,28,0,1,0,0,116,0,23,180,128,5,0,38,16,57,126,75,12,81,164,15,25,79,1,96,0,95,1,73,105,40,24
0,0,0,115,0,1,0,0,158,0,79,53,53,60,3,94,5,98,48,23,2,169,110,24,10,67,0,16,0,102,1,40,77,42,10
0,0,0,30,0,0,0,0,54,0,36,56,162,11,1,71,1,184,23,12,23,46,7,16,3,57,0,35,0,90,0,58,41,55,5
0,0,0,77,0,0,0,0,34,0,80,146,18,37,9,59,8,42,32,74,35,13,117,17,24,115,1,94,0,105,1,41,58,57,7
0,0,0,39,0,0,0,0,96,0,62,102,85,8,2,60,10,127,62,178,16,181,149,23,8,16,0,192,0,127,0,168,112,59,18
0,1,0,142,0,0,0,0,143,0,72,176,100,44,4,19,12,107,57,154,20,129,60,3,14,11,0,32,0,26,0,65,23,19,55
0,0,0,62,0,0,0,0,90,0,169,87,106,31,3,73,3,105,33,119,13,186,149,23,38,10,0,94,0,39,3,178,112,50,67
0,0,0,40,0,0,0,1,121,0,119,93,125,51,2,98,5,21,87,127,0,18,164,2,8,6,0,120,1,65,1,90,78,25,28
0,0,0,99,1,0,0,0,111,0,87,126,58,65,6,54,19,23,60,168,11,164,65,18,39,37,1,124,0,80,1,156,99,63,24
0,0,0,130,0,0,0,1,151,0,156,62,10,44,7,30,10,121,131,67,27,104,133,18,29,91,0,133,0,66,0,38,23,55,9
0,0,0,138,0,0,0,0,158,0,95,90,68,21,2,92,10,110,140,48,15,17,110,5,18,72,0,61,1,31,0,14,34,48,44
0,1,0,26,1,0,0,0,27,0,134,169,78,13,2,65,7,53,97,45,32,19,86,24,8,36,2,170,1,118,0,86,127,54,9
0,0,0,120,0,0,0,0,61,1,143,157,147,0,4,36,5,42,144,107,1,128,56,7,22,88,0,123,0,30,1,174,38,44,53
0,0,0,166,0,0,0,0,50,0,55,84,35,69,2,6,9,69,78,18,21,74,60,13,2,9,0,120,0,86,0,34,64,56,11
0,0,0,113,0,0,0,0,74,0,136,182,69,10,2,95,8,103,87,181,6,118,55,21,3,97,0,86,1,42,1,149,98,45,45
0,0,0,32,0,0,0,0,29,0,145,26,71,16,1,29,6,23,174,63,4,129,128,3,15,88,0,134,0,39,0,20,58,52,22
0,0,0,87,0,0,0,0,32,0,189,122,188,32,3,48,9,52,110,22,2,150,78,3,3,46,0,79,0,110,2,122,21,65,40
0,0,0,153,0,0,0,0,129,0,74,104,74,56,2,18,10,27,13,109,28,146,138,28,14,69,1,102,1,91,1,21,71,55,26
0,0,0,108,0,0,0,0,13,0,159,114,103,13,3,31,19,120,179,130,25,128,152,21,5,79,0,166,0,30,0,10,109,4,61
0,0,0,108,0,0,0,0,117,0,150,163,157,67,4,42,6,105,75,45,22,113,151,18,23,44,1,81,0,16,1,89,142,66,47
0,0,0,107,0,0,0,0,91,1,126,112,82,41,4,30,9,115,187,52,12,147,37,19,4,130,0,36,0,101,4,41,72,70,61
0,0,0,107,0,0,0,1,81,0,50,160,164,16,1,115,11,82,68,146,17,43,48,19,38,121,0,190,0,129,0,195,35,15,75
0,0,0,61,0,0,0,0,33,0,19,22,77,33,7,121,3,124,41,170,24,114,77,8,30,44,0,125,0,92,2,144,26,55,20
0,0,1,127,0,0,0,0,45,0,108,64,23,7,2,39,7,87,68,123,31,90,42,17,23,57,2,135,0,34,0,128,44,32,25
0,0,0,75,0,0,0,0,16,0,173,140,113,78,2,108,12,153,171,78,8,126,72,13,11,108,0,27,1,5,0,21,118,11,43
0,0,1,89,0,0,0,0,59,0,111,15,99,56,5,32,10,125,51,111,13,135,153,18,11,114,3,29,0,94,1,179,26,78,58
0,0,0,56,0,0,0,0,31,0,48,19,136,51,3,91,20,68,62,102,16,100,35,4,22,98,2,101,3,30,2,47,64,17,55
0,0,0,55,1,0,1,0,114,0,88,134,154,11,4,93,17,74,92,67,15,146,102,13,29,49,0,190,1,25,1,183,57,35,2
0,0,0,26,1,0,0,0,64,0,94,66,183,15,6,84,9,15,129,151,20,24,10,4,36,7,1,134,0,133,0,104,105,6,49
0,0,0,102,0,1,0,0,51,0,56,174,188,52,2,55,5,37,163,50,16,112,164,39,27,134,1,55,0,46,2,54,24,24,30
0,0,0,123,1,0,0,0,87,12,62,98,189,36,7,96,4,128,91,33,17,20,107,30,26,48,2,80,16,80,11,41,69,21,24
0,0,0,34,8,0,1,0,100,2,98,47,153,25,13,37,9,15,129,143,12,116,31,13,46,64,5,153,18,49,2,39,65,27,59
0,0,0,85,4,0,0,0,33,3,70,66,92,46,21,50,12,181,129,48,28,107,101,26,52,102,0,117,4,44,27,171,94,79,13
0,0,1,90,15,0,0,0,49,16,75,158,67,37,26,95,17,17,41,163,23,45,6,33,45,107,12,165,8,20,24,146,42,36,27
0,0,0,69,7,0,0,0,65,30,106,73,114,51,10,24,19,101,43,50,23,57,57,36,15,134,8,56,33,11,24,157,12,21,26
0,0,0,61,32,0,0,0,86,2,168,33,127,51,29,77,5,59,88,85,3,104,114,49,16,122,1,178,16,52,18,157,140,84,38
0,0,0,33,27,0,1,0,19,21,99,149,87,38,27,97,4,134,117,11,28,69,83,25,44,59,25,33,22,92,13,106,12,90,47
1,0,0,115,29,0,0,0,61,32,78,6,170,44,33,40,7,163,47,107,18,133,19,56,22,62,12,79,21,27,12,97,41,68,46
0,0,0,6,17,0,0,0,36,22,25,20,137,19,28,91,2,138,75,56,23,89,27,16,38,148,5,141,36,37,6,14,32,62,37
0,0,0,57,33,0,0,0,87,15,85,33,97,34,3,87,15,55,34,137,51,54,58,28,67,92,16,134,49,115,34,47,77,64,2
0,0,0,26,23,0,0,0,103,29,20,153,82,51,21,24,11,22,63,51,18,120,5,31,20,93,16,27,17,24,30,25,75,83,3
0,0,0,23,25,0,1,0,42,22,43,90,148,37,7,109,6,156,43,131,21,142,112,20,62,61,2,106,49,33,30,151,105,19,7
1,1,0,21,30,0,1,0,114,3,138,86,148,25,32,57,10,57,34,103,33,77,14,41,28,69,14,110,40,121,30,134,32,19,13
0,0,0,74,2,0,0,0,73,18,50,47,126,10,29,23,1,35,131,10,13,71,52,52,19,105,10,141,40,75,18,142,33,84,7
0,0,0,42,18,0,0,0,52,15,113,108,124,29,20,11,3,100,13,68,52,30,92,25,48,46,21,11,16,8,5,32,58,37,55
0,0,1,42,23,0,0,0,27,10,87,62,46,46,28,58,7,156,42,25,13,87,76,5,90,120,7,20,5,22,66,74,68,23,38
0,2,0,85,1,0,0,0,51,14,39,25,95,19,35,94,10,146,133,98,45,119,100,60,56,72,16,172,56,113,36,19,66,18,13
1,0,0,67,5,0,0,0,77,35,117,17,93,29,22,97,8,30,82,65,20,49,57,6,63,129,15,180,31,78,9,101,49,17,18
0,0,0,26,53,0,0,0,48,14,119,80,110,39,53,40,4,173,11,11,5,21,25,51,53,42,14,29,14,50,18,128,71,116,18
0,0,0,98,21,0,0,0,36,48,64,105,35,63,11,96,13,118,78,18,11,100,53,62,70,66,30,103,45,9,17,76,37,40,13
0,0,1,54,28,0,0,0,75,21,102,127,190,45,42,93,9,159,108,77,41,36,15,75,55,85,5,185,20,37,57,94,76,69,12
0,0,0,29,29,0,0,0,51,34,9,66,32,19,16,17,21,137,47,132,17,83,62,83,65,120,16,192,30,25,52,132,129,102,44
0,0,0,85,41,0,0,0,83,14,69,118,112,39,44,42,0,124,75,94,17,92,35,26,58,98,16,131,60,16,53,27,66,9,33
0,0,0,108,26,0,0,0,90,31,75,37,155,32,39,64,17,96,35,141,12,69,106,52,73,98,15,188,45,108,51,105,49,86,35
0,0,0,20,57,0,0,0,86,9,132,45,21,13,6,8,1,56,125,29,4,53,15,9,91,84,6,182,38,57,49,42,44,60,33
0,0,0,93,35,1,0,0,30,18,103,137,101,25,10,9,12,164,76,8,53,38,96,13,42,135,26,18,62,69,40,56,22,64,28
0,0,0,69,26,1,0,0,64,27,151,115,127,14,42,5,9,156,24,83,52,50,33,37,98,55,1,60,39,75,52,34,136,120,20
0,0,0,41,22,0,0,0,60,4,141,88,102,47,49,95,14,21,30,113,8,104,118,46,49,127,4,101,31,67,21,119,73,54,3
0,0,0,34,63,0,0,0,61,19,87,47,149,56,49,104,9,147,12,132,42,18,60,80,83,35,13,192,50,52,76,73,56,10,37
0,0,0,29,62,1,0,0,50,45,73,32,94,17,13,94,6,79,65,107,31,75,95,50,34,126,34,175,48,115,28,128,6,11,9
0,0,0,86,50,0,0,0,50,18,114,62,162,46,4,55,6,54,96,110,32,20,30,38,71,49,24,100,53,92,17,77,7,28,21
0,0,0,81,6,0,0,0,94,42,86,70,23,27,5,49,4,56,33,102,20,102,90,18,88,81,7,128,44,20,50,108,134,41,6
0,0,0,27,48,0,0,0,40,17,72,126,67,26,14,62,6,55,116,61,43,79,20,16,97,68,8,176,63,74,70,92,47,91,19
0,1,0,4,44,0,0,0,74,21,135,94,15,24,16,71,1,31,20,136,61,18,96,60,45,123,40,92,17,68,4,9,98,84,10
0,0,0,58,29,0,0,0,92,24,116,41,164,18,43,51,0,26,46,37,15,125,76,79,30,37,21,47,62,44,24,53,61,51,26
0,0,0,97,46,0,0,0,9,23,73,38,28,35,38,61,19,73,100,110,43,67,71,91,57,111,38,62,27,63,56,67,32,59,43
0,0,0,43,59,0,0,0,82,7,86,72,15,25,50,56,3,86,89,100,2,100,7,80,37,63,24,49,42,29,62,17,54,94,45
0,0,0,18,54,0,0,0,48,21,138,143,19,34,38,28,5,110,71,47,6,40,14,25,65,55,28,190,53,114,20,67,136,89,34
0,0,0,88,16,0,0,0,64,62,125,7,71,32,51,8,2,85,12,91,29,111,71,91,41,100,8,25,53,68,62,6,132,92,12
0,0,0,47,20,0,0,0,29,62,29,61,10,27,7,54,10,119,6,83,25,24,34,92,67,79,9,160,37,37,62,27,115,88,24
0,1,0,21,74,0,0,0,18,59,55,86,18,7,53,42,2,140,48,50,16,104,40,45,45,143,15,75,12,88,80,37,19,36,9
0,0,0,46,66,0,0,0,22,23,22,42,181,34,4,72,5,148,104,106,39,88,83,88,65,86,9,122,9,47,30,57,47,76,8
0,0,0,52,65,1,0,0,91,9,30,112,161,26,7,7,8,154,107,117,47,121,5,64,103,37,46,59,80,77,73,8,21,99,32
0,0,0,81,58,0,0,0,42,27,94,30,175,40,53,105,8,14,82,28,66,25,27,65,49,56,31,159,55,74,54,57,9,101,21
0,0,0,23,5,0,0,0,24,58,95,8,20,57,16,32,5,139,78,104,34,119,26,57,108,58,29,62,19,116,50,12,35,108,5
0,1,0,11,17,0,0,0,84,29,68,127,46,1,29,58,6,94,26,124,24,33,5,9,70,31,9,98,65,44,37,109,88,131,38
0,0,0,9,54,0,0,0,5,21,142,22,104,40,35,93,1,114,45,118,32,39,52,61,61,114,35,152,28,65,53,11,65,71,4
0,0,0,60,17,0,0,0,70,14,119,20,167,7,15,54,5,143,16,119,20,106,77,101,98,58,18,102,83,5,36,11,8,7,10
0,0,0,95,45,0,0,0,100,32,12,78,29,34,3,9,12,17,87,41,65,26,58,41,74,56,0,188,61,115,62,9,42,30,33
0,0,0,21,53,0,0,0,56,37,120,51,35,39,15,25,7,115,21,107,62,45,83,102,32,71,21,187,23,108,66,38,38,87,27
0,0,1,20,8,0,0,0,13,56,27,38,19,44,58,92,3,35,19,6,39,49,8,11,73,63,12,19,11,81,93,78,122,22,19
0,0,0,3,11,0,0,0,26,30,52,96,46,29,47,12,3,74,99,24,6,28,42,47,28,109,28,81,84,6,7,81,43,56,42
0,0,0,30,82,0,0,1,79,58,39,112,160,8,41,40,4,158,25,124,9,33,52,75,26,26,11,174,48,102,77,8,41,110,3
0,0,0,14,40,0,0,0,54,7,10,119,95,18,67,66,1,83,16,16,33,52,70,48,34,37,29,21,15,103,69,108,21,126,17
0,0,0,26,53,0,0,0,61,12,80,18,177,56,64,49,14,167,79,77,52,24,60,87,42,21,42,117,31,96,40,104,37,89,21
0,0,1,23,34,0,0,0,43,42,15,41,143,28,57,99,5,71,16,22,55,88,70,19,93,137,17,132,86,17,38,86,112,130,26
1,0,0,56,52,0,0,0,80,35,71,99,16,39,6,42,8,165,66,27,45,65,81,48,20,61,4,166,7,88,39,17,130,110,3
0,1,0,7,31,0,0,0,45,27,74,28,103,2,22,63,0,106,84,28,58,94,97,37,17,93,38,64,55,32,43,80,91,52,15
0,0,0,55,68,0,0,0,75,21,125,131,122,37,26,26,2,23,62,17,59,101,17,98,109,16,21,193,21,31,11,96,146,121,27
1,1,0,57,10,0,0,0,61,66,79,84,26,22,41,79,10,46,9,105,44,64,32,85,61,109,19,96,65,29,90,27,92,136,1
0,0,0,67,45,0,1,0,52,11,112,65,73,26,9,22,4,120,30,103,57,66,76,99,30,114,41,111,80,45,41,27,51,109,30
0,0,0,7,70,0,1,1,65,69,27,66,179,46,22,66,12,69,80,79,55,65,42,25,89,96,40,154,23,71,93,78,54,93,30
0,0,0,4,12,0,0,0,51,61,106,57,23,10,72,41,12,87,102,66,35,48,62,28,54,45,28,60,81,90,20,87,32,74,33
0,0,1,31,74,0,0,0,60,52,108,89,179,19,6,43,9,140,28,68,48,6,81,41,103,85,51,194,43,32,73,100,128,76,8
0,0,0,67,44,0,0,0,44,57,92,146,116,15,52,88,8,31,31,85,7,69,47,95,69,55,39,183,62,26,93,96,35,81,9
0,0,0,10,57,0,0,0,57,58,49,52,181,40,21,47,6,100,14,28,30,30,5,23,10,34,35,125,11,45,47,100,61,7,4
1,0,0,54,22,0,0,0,64,25,91,58,151,17,19,17,7,62,50,33,47,29,62,78,75,10,26,44,29,100,68,63,49,52,17
0,0,0,43,56,0,0,0,35,45,67,64,154,8,62,78,6,99,26,51,36,104,52,51,84,68,7,49,61,114,40,23,41,35,15
0,0,0,16,91,0,0,0,20,75,35,128,56,6,75,86,4,33,8,114,19,79,62,83,40,84,43,29,81,36,20,51,69,54,26
0,0,1,73,41,0,0,0,83,9,119,62,109,35,14,64,1,18,31,109,60,44,15,24,106,14,7,83,81,95,7,99,32,67,15
0,0,0,6,71,0,0,0,38,69,79,100,27,31,44,85,6,152,35,101,46,84,58,100,115,23,12,107,19,54,87,61,116,87,18
1,0,0,69,18,0,0,0,70,72,120,80,40,36,22,65,5,23,71,117,41,36,48,10,66,97,42,68,59,73,19,74,51,20,22
0,0,0,33,28,0,0,0,79,54,103,105,113,36,6,29,8,79,59,80,12,54,39,72,98,66,20,76,27,84,8,32,30,51,10
0,0,0,35,74,0,0,0,10,57,126,137,185,21,65,48,2,68,77,24,23,16,10,56,117,62,1,42,39,79,78,11,93,113,38
0,0,0,23,24,0,0,1,59,19,11,49,153,34,58,65,13,43,52,7,57,53,86,14,45,32,35,194,34,26,11,45,120,123,4
0,1,0,50,10,0,0,0,67,11,10,82,159,27,26,50,15,78,14,68,43,4,33,39,124,13,17,55,36,48,22,98,69,93,39
1,0,0,73,40,0,0,0,61,41,78,144,45,3,4,100,4,52,14,28,32,45,55,65,110,96,17,138,34,90,14,96,116,41,6
0,0,0,78,35,0,0,0,46,7,30,10,115,36,30,47,5,96,59,62,58,99,84,70,56,80,38,85,18,25,22,37,58,125,6
1,0,0,54,29,0,0,0,23,45,9,118,103,2,38,56,0,56,60,65,26,30,61,59,106,89,43,15,64,24,16,64,33,83,29
0,0,0,34,91,0,0,0,50,7,47,119,52,27,55,95,2,169,41,13,34,36,9,76,21,74,19,105,64,28,78,41,65,17,12
0,0,0,39,44,0,0,0,66,4,39,99,101,38,59,40,3,131,15,122,14,86,6,112,9,52,12,143,67,55,103,74,33,66,29
0,0,0,40,74,0,1,0,23,83,47,90,185,7,18,97,14,48,56,54,33,59,58,52,47,135,22,54,98,69,105,97,90,21,25
0,0,0,50,85,0,0,0,24,20,65,87,92,3,47,62,3,152,13,91,27,88,25,124,73,82,3,61,73,81,88,73,129,62,8
0,0,0,72,86,0,0,0,45,67,88,65,36,8,30,17,9,15,43,55,8,15,78,112,108,81,1,110,46,85,31,38,57,11,15
0,0,0,14,22,0,0,0,32,26,59,27,10,21,66,13,8,61,34,26,58,39,65,111,67,86,9,184,10,26,93,35,121,141,17
0,0,0,41,72,0,0,0,61,9,106,7,14,2,26,16,14,121,24,56,84,40,48,51,70,51,46,146,28,70,64,50,129,72,2
0,0,0,17,9,0,0,0,55,25,63,44,184,12,58,3,20,64,71,48,41,86,31,108,42,63,35,131,98,54,70,6,58,81,17
0,0,0,66,39,0,0,0,25,39,106,83,25,5,5,57,13,159,8,44,35,61,7,52,76,12,58,125,53,23,105,95,77,110,22
0,0,0,22,25,0,0,0,29,7,40,40,173,14,70,16,4,165,64,59,10,61,63,58,40,109,32,59,4,99,90,56,11,129,18
0,0,0,53,22,0,0,0,27,82,38,17,139,31,61,35,4,120,13,63,43,69,45,48,116,112,7,153,91,6,76,75,80,44,5
0,0,1,33,70,0,0,1,42,19,93,42,31,30,38,62,1,127,22,6,48,61,47,82,14,94,36,190,74,65,73,90,111,86,11
0,0,0,61,79,0,0,0,32,23,112,54,44,38,71,75,7,74,12,36,44,65,41,78,67,94,54,32,93,67,51,30,77,41,7
0,0,0,9,70,0,0,0,34,34,102,48,142,26,59,43,8,92,60,108,64,20,11,83,49,96,17,50,43,11,67,64,83,85,21
0,0,1,53,72,0,0,0,4,41,28,95,146,21,55,20,2,147,77,67,37,69,40,79,17,116,3,24,81,76,50,30,85,125,6
0,0,0,19,26,0,0,0,41,31,121,56,119,36,7,88,4,146,34,36,64,90,28,53,47,108,38,19,13,37,44,11,35,69,5
0,0,1,30,33,0,0,0,36,19,15,113,49,44,37,44,2,159,42,49,33,65,18,14,107,42,65,30,4,14,114,42,25,18,4
0,0,0,26,63,0,0,0,27,48,40,117,166,42,4,64,6,111,30,60,39,72,59,110,30,103,51,15,57,71,50,92,80,105,31
0,0,0,23,53,0,1,0,54,76,10,134,160,21,33,28,0,164,76,12,72,1,6,24,34,36,54,152,111,109,75,43,31,98,24
0,0,0,60,29,0,0,0,27,55,13,122,86,14,63,86,5,102,36,99,61,73,42,22,76,78,33,134,30,11,101,34,104,62,23
0,0,0,54,90,0,0,0,51,7,62,81,150,28,22,67,12,158,84,16,11,36,63,63,103,81,42,82,90,78,61,15,15,22,9
0,0,0,51,21,0,1,0,22,9,100,89,15,17,68,70,13,154,64,39,28,34,10,82,50,70,26,68,16,55,121,16,59,67,25
0,0,0,6,49,0,0,0,36,28,64,82,178,24,21,51,15,119,55,59,59,53,59,102,106,66,8,89,95,55,70,74,9,89,29
0,0,0,44,62,0,0,0,23,103,88,124,76,31,34,101,0,58,46,58,24,54,47,84,36,32,39,28,51,80,95,50,54,142,26
0,0,0,51,61,0,0,1,62,62,84,127,64,43,43,52,4,46,63,36,33,15,35,89,25,96,10,21,107,38,26,60,24,109,13
0,0,0,37,43,0,0,0,8,77,74,114,55,29,44,66,5,178,18,53,70,58,47,114,116,30,28,43,31,46,14,49,8,130,8
0,0,0,50,75,0,0,0,39,5,106,89,46,15,39,104,8,35,18,61,54,21,19,6,111,50,22,101,98,17,48,26,122,60,3
0,0,0,2,22,0,0,0,25,26,90,20,97,7,72,77,3,18,38,11,42,7,8,77,107,20,4,105,6,59,62,92,64,48,22
0,0,0,42,44,0,0,0,54,104,82,75,95,47,8,33,1,166,47,81,27,58,26,19,100,62,20,165,63,24,64,40,49,121,12
0,0,0,10,66,0,0,0,11,6,81,21,105,16,84,100,11,69,46,68,77,21,37,89,121,93,27,127,47,87,38,41,91,71,13
0,0,0,57,91,0,0,0,29,65,115,127,164,15,65,76,10,56,8,79,15,68,55,117,17,102,6,82,93,17,61,34,57,106,11
0,0,0,18,71,0,0,0,4,80,113,97,42,9,32,19,7,110,33,86,40,49,55,37,89,18,10,119,88,51,8,18,13,106,2
0,0,0,6,23,0,0,0,21,54,31,57,14,9,73,24,7,112,45,83,17,15,59,30,106,44,31,61,10,10,61,68,117,116,19
0,0,0,24,101,0,1,0,36,22,26,32,112,19,31,29,3,88,46,64,23,20,59,77,74,86,10,80,26,18,27,42,42,70,13
0,0,0,7,75,0,0,0,20,37,40,7,59,17,83,22,5,19,61,42,38,19,61,100,42,96,36,116,65,78,97,79,26,10,1
0,0,0,20,68,1,0,0,21,47,68,114,96,15,11,96,2,90,10,15,54,59,37,39,9,12,10,96,7,20,36,18,112,115,14
0,0,0,41,74,0,0,0,5,5,29,107,81,25,87,69,2,46,35,17,7,15,43,96,53,72,44,168,67,91,20,18,111,122,10
0,1,0,19,22,0,0,0,14,39,15,98,109,28,44,63,3,104,16,68,33,24,25,67,13,50,25,185,82,14,114,61,105,159,13
0,0,0,40,24,0,0,0,39,16,73,108,33,24,25,32,9,137,57,66,5,66,23,130,44,78,39,146,128,8,78,28,115,12,19
0,0,0,23,33,0,0,0,3,68,66,58,155,9,58,60,16,64,57,76,34,32,52,33,10,20,29,137,16,19,94,39,35,59,12
1,0,0,4,49,0,0,0,11,88,40,32,182,24,6,49,6,151,12,25,47,63,32,100,36,103,22,109,84,57,123,27,64,118,21
0,0,0,28,92,0,1,0,22,102,101,72,172,24,9,82,12,135,32,50,27,12,1,132,106,30,20,59,75,59,36,3,74,71,14
0,0,0,2,17,0,0,0,31,8,22,95,56,11,60,36,9,108,43,9,49,21,28,126,94,74,5,33,106,84,139,48,62,55,10
0,0,0,7,15,0,0,0,20,33,57,81,58,23,21,73,0,41,50,32,56,59,41,111,32,111,8,177,10,78,120,57,42,79,22
0,0,0,6,65,0,0,0,20,78,43,30,124,8,14,39,3,52,10,87,55,39,7,13,10,22,24,58,12,71,110,51,67,56,2
0,0,0,23,17,0,0,0,30,98,80,88,26,16,36,8,5,78,17,63,22,36,5,132,152,7,17,77,30,48,87,35,82,121,5
0,0,0,6,105,0,0,0,15,100,73,65,158,24,85,88,4,65,16,37,37,5,30,139,94,21,25,99,27,89,107,5,104,47,14
0,1,0,36,62,0,0,0,16,23,87,103,151,24,99,26,4,130,39,68,64,11,4,72,52,79,8,83,40,87,151,54,109,74,7
0,0,0,22,24,0,0,0,8,87,7,90,182,28,95,90,10,149,1,37,24,46,25,68,21,43,43,55,128,34,55,32,130,22,6
0,0,0,26,82,0,0,0,30,68,37,62,138,27,98,61,2,141,29,46,50,52,12,82,45,75,17,115,107,74,167,28,66,101,6
1,0,0,0,9,0,0,0,18,11,13,38,48,1,25,58,10,58,26,22,31,21,19,159,157,97,36,81,119,24,78,34,112,98,6
0,0,0,14,84,0,0,0,0,84,87,6,166,9,114,7,3,21,24,23,86,26,11,25,38,12,41,81,164,72,144,8,104,29,6
0,0,0,0,66,1,0,0,0,106,18,44,19,19,41,64,6,134,1,39,82,17,7,88,169,103,80,27,157,71,60,13,42,120,4
0,0,0,0,44,0,0,0,1,143,48,45,152,11,38,101,4,109,0,20,99,11,12,31,191,65,89,44,148,91,160,1,126,101,1
0,0,0,0,131,0,0,0,0,73,47,21,27,12,15,51,7,101,1,15,81,16,1,83,73,124,51,180,111,53,119,34,27,89,1
0,0,0,0,140,0,0,0,0,62,58,10,114,17,114,76,0,17,0,5,11,10,4,36,46,89,32,94,63,84,80,28,63,76,1
0,0,0,0,91,0,0,0,0,90,26,21,150,5,122,15,2,134,0,26,26,23,0,115,190,103,8,27,72,11,70,16,26,167,1
0,0,0,0,78,0,0,1,0,131,52,25,119,3,102,57,1,156,1,17,52,4,1,37,127,26,43,24,141,19,56,10,48,94,7
0,0,0,0,159,0,0,0,0,65,53,98,188,1,9,49,12,148,0,4,9,5,3,143,84,37,12,187,67,28,182,3,30,96,0
0,0,0,0,153,0,0,0,0,34,76,61,131,14,54,45,5,134,0,25,21,5,3,132,114,119,72,60,42,36,126,23,33,158,5
0,0,0,1,102,1,0,0,0,77,17,72,165,7,9,68,2,50,0,20,43,9,5,55,62,70,67,83,37,8,55,10,134,88,4
0,0,0,0,114,0,0,0,0,46,37,33,150,10,8,48,4,15,0,28,92,3,5,75,23,19,27,101,70,20,119,19,120,84,5
0,0,0,0,25,0,0,0,1,104,56,15,91,7,83,66,1,22,0,11,71,15,10,171,61,144,20,156,35,68,152,25,100,19,1
0,0,0,0,116,0,0,0,0,83,50,113,22,19,76,70,9,118,1,40,25,19,7,129,37,43,60,132,113,16,134,8,134,39,4
0,0,1,0,106,0,0,0,0,19,22,43,135,15,121,66,7,38,0,37,19,10,8,68,116,120,63,114,130,52,25,5,11,101,4
0,0,0,0,32,0,0,0,0,50,59,34,106,19,87,31,0,32,0,39,56,14,1,30,139,140,64,80,123,92,113,25,12,63,4
0,0,0,0,68,0,0,0,1,105,33,24,35,7,89,74,1,49,0,9,41,11,4,18,44,35,10,63,133,45,102,12,75,122,1
0,0,0,1,62,0,0,0,0,25,58,9,154,5,100,82,2,114,0,39,100,15,0,137,32,83,37,37,16,68,148,14,68,25,1
0,0,1,0,55,0,0,0,0,130,37,74,193,19,84,40,7,154,0,8,46,6,3,66,191,51,63,66,52,31,97,12,136,120,2
0,0,0,0,31,0,0,0,0,25,29,40,99,10,135,25,9,68,0,16,103,5,0,48,87,31,16,84,57,95,168,15,130,106,3
0,0,0,0,10,0,0,0,1,121,51,99,191,4,105,78,1,83,1,7,65,15,9,113,13,18,23,169,31,105,90,29,121,132,1
0,1,0,0,100,0,0,0,1,114,38,44,191,7,27,50,6,133,2,9,73,9,3,12,48,82,38,149,10,29,66,3,76,180,0
0,0,0,0,19,0,0,0,0,70,44,54,171,1,92,25,4,87,0,48,29,19,3,176,28,74,47,24,60,60,65,7,102,128,4
0,0,0,0,81,1,0,1,0,130,39,83,191,5,116,24,1,97,0,46,114,17,10,29,137,142,37,111,11,8,106,8,114,146,1
0,0,0,0,52,0,0,0,0,10,67,104,170,3,30,55,5,100,1,29,17,1,11,154,64,108,19,78,50,65,26,21,67,36,3
0,1,0,0,19,0,0,0,1,72,18,31,116,23,33,60,12,122,0,31,49,11,4,174,30,124,8,112,87,12,111,7,9,73,0
0,0,0,0,129,0,0,2,0,137,1,31,96,0,18,12,8,39,1,24,85,8,6,101,190,61,63,127,135,40,65,26,6,146,0
0,0,0,1,62,0,0,0,0,136,5,55,77,5,71,19,9,67,0,30,24,12,2,111,115,37,18,59,178,13,88,25,14,172,7
0,0,0,0,45,0,0,0,0,110,24,70,143,28,140,37,6,178,0,53,25,4,7,51,143,58,53,68,177,101,48,10,48,51,5
0,0,0,0,105,0,0,0,0,94,71,65,11,6,60,87,7,46,0,27,46,13,8,98,181,112,37,175,90,25,145,22,126,50,3
0,0,0,0,103,0,0,0,0,165,38,43,122,12,10,75,1,119,3,8,75,7,3,90,12,27,79,27,84,63,99,22,99,139,1
0,0,0,0,100,0,0,0,0,72,55,18,90,7,98,20,2,83,0,13,48,4,7,61,13,90,41,30,22,94,114,18,89,22,2
0,0,0,0,33,0,0,0,0,83,61,29,35,11,107,67,2,134,0,5,34,14,2,63,129,111,26,55,138,69,121,26,81,112,1
0,0,0,0,74,0,0,0,0,139,17,66,22,7,58,82,6,151,0,29,84,11,0,67,187,89,58,182,72,90,45,12,21,18,2
0,0,0,0,10,0,0,0,0,83,69,75,116,4,7,33,15,91,0,35,113,11,7,50,72,109,50,111,46,9,74,19,74,65,0
0,0,0,0,11,0,0,0,0,24,9,57,127,11,128,60,10,43,2,7,111,11,1,100,72,101,5,40,12,93,58,9,24,141,3
0,0,1,0,18,0,0,1,0,45,21,96,20,6,45,52,6,120,0,50,77,19,2,77,81,65,70,185,161,22,94,24,125,31,4
0,0,0,0,153,1,0,0,0,107,9,101,80,15,60,33,12,134,0,18,9,19,3,120,47,57,84,27,10,107,80,27,116,100,0
0,0,0,0,64,0,0,0,1,97,5,13,102,6,43,69,1,165,0,37,13,1,9,180,190,26,73,31,98,86,90,23,111,25,2
0,0,0,0,104,0,0,0,0,157,46,68,182,14,124,54,5,132,0,30,39,26,8,113,166,48,80,12,165,30,182,11,53,10,3
0,0,0,0,16,0,0,0,0,117,41,74,113,35,119,62,7,111,0,31,9,9,5,159,187,66,71,184,12,63,47,23,82,123,2
0,2,0,0,151,0,0,0,0,126,59,36,106,14,65,66,5,114,0,17,99,14,5,37,94,128,61,171,170,74,27,9,82,94,2
0,0,1,0,130,0,0,0,0,52,76,90,58,4,55,21,4,153,0,22,73,4,11,96,123,39,8,157,180,64,66,6,46,103,2
0,0,0,0,102,1,0,0,0,97,63,36,167,5,103,63,7,73,0,48,75,9,4,152,147,26,23,79,170,40,14,16,22,121,3
0,0,0,0,122,0,0,0,0,100,33,60,119,3,92,25,16,150,0,44,65,19,3,41,42,42,93,188,18,31,34,37,65,183,0
0,0,0,0,114,0,0,1,0,137,16,83,121,24,94,75,6,150,0,13,61,7,3,181,62,101,70,27,186,31,163,5,53,173,0
0,1,0,0,130,0,0,0,0,140,70,61,36,10,30,4,1,145,0,15,64,6,4,57,85,26,33,98,147,71,119,6,47,48,5
0,0,0,0,37,0,0,0,0,53,27,56,133,21,88,19,2,34,0,42,6,13,8,156,23,91,21,162,188,42,73,5,78,84,0
0,0,0,0,39,0,0,0,0,78,10,70,26,18,28,20,6,74,0,7,100,5,13,123,71,5,34,31,142,37,194,21,85,37,2
0,0,1,0,140,0,0,0,0,41,64,82,113,18,59,42,5,38,1,42,18,20,5,85,165,101,39,24,89,26,62,6,73,156,2
0,0,0,0,121,0,0,0,0,35,11,74,77,5,31,20,6,166,0,5,102,14,2,155,55,107,109,99,145,55,175,13,111,93,2
0,0,0,0,14,0,0,0,0,30,31,89,49,15,73,26,10,40,0,19,22,22,13,142,109,91,57,42,59,19,61,1,34,48,4
0,0,1,0,66,0,0,0,0,50,54,73,111,13,17,21,6,108,0,36,38,7,13,116,149,10,34,132,13,71,43,13,19,130,4
0,0,0,0,41,0,1,0,0,21,50,45,55,22,13,26,10,60,0,4,28,7,11,61,114,48,88,55,96,44,21,26,9,86,1
0,0,0,0,102,0,1,0,0,28,13,58,42,13,26,78,7,139,0,28,97,4,2,153,47,55,35,168,133,99,64,8,120,129,2
0,0,0,0,56,0,0,0,0,155,23,30,163,14,132,65,3,170,0,16,52,10,1,16,13,131,52,178,11,33,101,13,91,132,0
0,0,0,0,42,0,0,0,0,122,10,95,141,16,76,77,5,28,1,23,69,10,5,73,167,30,10,72,172,73,188,22,121,163,1
0,0,0,0,65,0,0,1,0,142,72,69,131,20,138,86,8,46,0,12,54,2,3,39,93,55,29,165,174,26,76,9,101,90,1
0,0,0,0,121,1,0,0,0,146,47,15,167,20,61,69,2,93,0,17,112,12,8,165,68,7,5,156,151,95,149,12,80,124,2
0,0,0,0,146,0,1,0,0,16,13,82,111,11,76,86,3,51,0,39,24,12,0,89,21,133,14,29,87,98,11,22,113,148,4
0,0,0,0,15,0,0,0,0,90,48,99,113,5,80,49,13,71,0,3,32,16,5,120,44,40,61,43,30,8,39,20,88,56,3
0,0,0,0,153,0,0,0,0,9,5,30,54,34,81,45,4,67,0,25,100,8,9,143,96,33,63,94,18,20,157,3,98,58,0
0,0,0,0,96,1,0,0,0,156,69,71,130,5,143,88,6,79,0,22,78,6,5,117,166,18,24,54,15,28,121,19,22,137,0
0,0,0,0,137,0,0,0,0,132,51,74,152,20,34,79,5,136,0,38,86,5,3,86,64,123,50,99,140,27,173,12,54,125,4
0,0,0,0,30,0,0,0,0,33,32,38,17,1,113,79,3,39,1,45,20,9,2,129,87,28,35,92,136,21,18,18,127,52,7
0,0,0,0,87,0,0,1,0,62,17,110,149,5,115,52,2,87,0,43,110,7,6,154,81,116,85,66,115,109,18,22,35,77,2
0,0,0,0,108,0,0,0,0,69,51,68,99,29,128,49,6,116,1,16,99,8,5,103,113,129,53,162,45,21,187,6,32,122,2
0,0,0,0,131,1,0,0,0,94,19,105,127,26,127,8,6,84,0,20,52,5,3,138,164,40,46,126,10,15,23,10,51,140,2
0,0,0,1,143,0,0,0,0,133,56,53,77,9,56,12,8,26,2,18,62,2,4,65,58,86,18,84,61,48,97,22,95,160,3
1,0,0,0,103,0,0,1,0,10,20,54,68,19,97,48,8,164,0,21,39,33,4,179,55,37,31,152,19,65,42,44,116,31,2
